loan_id,borrower_id,role_type,linked_at
1,1267,primary,2019-09-27T02:06:53+00:00
2,1739,primary,2021-02-10T16:05:29+00:00
3,1244,primary,2025-06-17T23:35:35+00:00
4,1498,primary,2022-03-29T09:33:18+00:00
5,746,primary,2024-11-08T14:26:30+00:00
6,520,primary,2021-11-01T07:40:09+00:00
7,690,primary,2021-09-24T12:16:12+00:00
8,1648,primary,2019-08-10T14:00:06+00:00
9,1907,primary,2021-01-30T13:59:59+00:00
10,220,primary,2020-03-18T22:12:19+00:00
11,1577,primary,2022-09-06T11:21:02+00:00
12,168,primary,2025-04-03T10:28:26+00:00
13,1239,primary,2022-05-05T07:35:27+00:00
14,318,primary,2020-03-31T23:54:56+00:00
15,2091,primary,2024-07-14T13:13:10+00:00
16,472,primary,2019-06-10T07:58:19+00:00
17,1755,primary,2023-02-28T03:05:35+00:00
18,251,primary,2024-10-06T10:22:35+00:00
19,475,primary,2019-08-17T06:46:27+00:00
20,1497,primary,2020-07-20T05:51:50+00:00
20,679,co_borrower,2020-08-02T18:20:03+00:00
21,874,primary,2023-06-20T03:53:59+00:00
22,1633,primary,2022-06-22T14:50:05+00:00
22,1995,guarantor,2022-07-05T19:20:29+00:00
23,1085,primary,2024-04-17T08:08:31+00:00
24,229,primary,2019-06-04T01:55:41+00:00
25,1809,primary,2023-07-05T21:14:05+00:00
26,1168,primary,2023-03-08T04:00:54+00:00
27,290,primary,2019-07-16T15:09:21+00:00
28,384,primary,2025-04-30T07:59:44+00:00
29,1138,primary,2022-05-23T16:02:57+00:00
30,1036,primary,2020-03-11T07:14:17+00:00
31,1696,primary,2020-04-26T01:41:46+00:00
31,678,co_borrower,2020-05-11T18:58:07+00:00
32,101,primary,2024-05-19T19:44:16+00:00
33,1738,primary,2020-05-04T17:41:09+00:00
34,1824,primary,2023-10-03T07:54:36+00:00
35,330,primary,2021-01-31T10:26:02+00:00
36,1585,primary,2021-06-06T03:51:12+00:00
37,1927,primary,2019-05-06T20:04:17+00:00
38,343,primary,2024-07-05T13:42:41+00:00
39,648,primary,2020-04-07T12:50:34+00:00
40,869,primary,2020-01-22T12:22:08+00:00
41,2095,primary,2020-09-01T02:37:26+00:00
42,67,primary,2023-10-07T01:50:51+00:00
43,1789,primary,2023-11-16T11:17:55+00:00
44,1147,primary,2019-11-19T00:21:49+00:00
45,566,primary,2022-05-06T03:24:45+00:00
45,1344,co_borrower,2022-05-26T01:00:12+00:00
46,1704,primary,2022-08-21T13:20:01+00:00
47,710,primary,2019-12-07T15:02:20+00:00
47,427,co_borrower,2019-12-27T21:22:37+00:00
48,1675,primary,2022-12-06T23:55:55+00:00
49,174,primary,2023-03-26T18:07:06+00:00
50,1152,primary,2021-03-02T22:15:25+00:00
51,2049,primary,2023-11-10T02:43:17+00:00
52,722,primary,2023-08-26T05:38:52+00:00
53,1414,primary,2020-04-14T00:55:38+00:00
54,1483,primary,2024-04-19T22:46:07+00:00
55,821,primary,2024-09-05T23:00:11+00:00
55,529,guarantor,2024-09-13T02:37:54+00:00
56,1765,primary,2025-06-14T20:15:15+00:00
57,1332,primary,2019-03-04T19:35:54+00:00
58,1032,primary,2022-01-01T15:52:33+00:00
58,1003,co_borrower,2022-01-14T04:53:57+00:00
59,1543,primary,2019-01-06T07:42:38+00:00
59,1980,co_borrower,2019-01-17T23:32:11+00:00
60,1599,primary,2019-09-06T21:08:07+00:00
61,247,primary,2019-07-14T15:54:06+00:00
61,465,co_borrower,2019-07-17T23:17:07+00:00
62,1586,primary,2020-11-21T08:58:31+00:00
62,687,guarantor,2020-12-01T01:52:37+00:00
63,1146,primary,2021-07-04T06:11:02+00:00
64,1549,primary,2022-09-01T23:27:08+00:00
65,573,primary,2020-04-24T04:30:56+00:00
66,2022,primary,2023-02-17T11:40:18+00:00
67,585,primary,2019-07-25T19:01:49+00:00
68,1106,primary,2021-08-29T18:08:51+00:00
69,2017,primary,2020-04-12T21:13:57+00:00
70,506,primary,2023-01-04T17:46:12+00:00
71,467,primary,2021-11-10T14:50:06+00:00
72,1329,primary,2022-07-09T09:55:29+00:00
73,193,primary,2024-01-15T00:45:53+00:00
74,2117,primary,2025-04-26T22:41:21+00:00
75,479,primary,2024-09-04T22:29:36+00:00
76,1272,primary,2025-01-13T05:01:55+00:00
77,273,primary,2020-10-27T16:01:58+00:00
78,115,primary,2020-01-31T15:01:23+00:00
79,1481,primary,2020-05-11T22:28:50+00:00
80,910,primary,2020-04-27T23:51:28+00:00
80,1156,co_borrower,2020-05-15T09:10:14+00:00
81,1916,primary,2025-01-23T19:30:56+00:00
82,397,primary,2019-05-29T16:59:22+00:00
82,1278,co_borrower,2019-06-16T17:19:43+00:00
83,1520,primary,2025-06-19T05:28:50+00:00
84,1940,primary,2022-02-28T23:40:28+00:00
85,1512,primary,2019-08-12T15:24:48+00:00
86,203,primary,2020-12-14T10:19:30+00:00
87,617,primary,2022-09-03T12:37:18+00:00
88,462,primary,2024-05-22T05:32:18+00:00
89,1869,primary,2023-04-10T06:46:36+00:00
90,721,primary,2022-10-11T02:22:21+00:00
91,1865,primary,2019-12-11T01:13:39+00:00
91,137,co_borrower,2019-12-24T03:27:26+00:00
92,1753,primary,2019-07-25T13:26:01+00:00
93,1722,primary,2021-01-16T12:56:44+00:00
94,979,primary,2023-12-21T20:54:42+00:00
95,988,primary,2020-02-28T01:10:17+00:00
96,2055,primary,2020-05-11T20:55:18+00:00
97,791,primary,2021-01-02T11:18:42+00:00
98,237,primary,2020-01-17T17:40:58+00:00
99,1553,primary,2025-06-27T23:12:37+00:00
100,1400,primary,2024-12-16T11:36:00+00:00
100,486,guarantor,2024-12-17T23:06:23+00:00
101,546,primary,2023-10-23T12:08:18+00:00
102,1628,primary,2025-04-24T20:47:36+00:00
103,1484,primary,2024-11-14T16:53:21+00:00
104,265,primary,2024-05-19T02:15:07+00:00
105,48,primary,2022-05-13T02:53:42+00:00
106,2184,primary,2025-03-01T20:15:48+00:00
106,1177,co_borrower,2025-03-03T05:30:39+00:00
107,1637,primary,2022-08-23T04:17:19+00:00
108,1251,primary,2024-04-02T04:42:29+00:00
108,1206,guarantor,2024-04-19T09:47:46+00:00
109,1235,primary,2021-05-11T04:21:49+00:00
110,103,primary,2022-09-13T16:10:59+00:00
111,272,primary,2019-10-06T14:10:17+00:00
112,1311,primary,2019-03-14T15:18:11+00:00
113,879,primary,2025-03-26T03:20:27+00:00
114,780,primary,2024-11-12T16:40:20+00:00
114,1620,co_borrower,2024-11-30T08:35:47+00:00
115,228,primary,2025-01-02T09:03:16+00:00
116,1466,primary,2021-06-27T21:35:33+00:00
116,1204,guarantor,2021-07-13T05:09:01+00:00
117,751,primary,2022-07-03T06:00:33+00:00
118,1360,primary,2019-05-18T13:04:37+00:00
119,1708,primary,2020-02-07T20:24:25+00:00
120,2056,primary,2021-07-30T18:58:24+00:00
121,1984,primary,2019-02-02T23:32:20+00:00
122,806,primary,2020-09-21T15:59:34+00:00
123,1936,primary,2023-12-08T19:19:27+00:00
124,1319,primary,2019-05-28T17:37:02+00:00
125,381,primary,2024-12-07T05:46:08+00:00
126,1922,primary,2021-09-01T15:07:36+00:00
127,1892,primary,2023-11-30T04:11:37+00:00
128,714,primary,2025-02-26T20:25:52+00:00
129,1328,primary,2019-01-18T15:54:07+00:00
130,2144,primary,2024-02-08T07:18:40+00:00
131,1513,primary,2019-08-19T03:26:55+00:00
132,1275,primary,2022-03-11T11:05:41+00:00
133,2121,primary,2023-01-15T09:22:52+00:00
134,31,primary,2021-01-24T14:29:58+00:00
135,995,primary,2023-12-12T00:53:49+00:00
136,1961,primary,2025-01-09T00:36:51+00:00
137,963,primary,2024-01-28T15:29:34+00:00
138,41,primary,2024-01-01T16:11:20+00:00
138,184,co_borrower,2024-01-02T08:04:00+00:00
139,2170,primary,2025-05-07T06:30:24+00:00
140,2002,primary,2024-01-23T08:06:06+00:00
141,2077,primary,2022-12-18T07:18:09+00:00
142,1971,primary,2021-09-08T21:43:52+00:00
142,258,co_borrower,2021-10-05T16:14:21+00:00
143,1524,primary,2021-08-22T00:06:08+00:00
144,760,primary,2020-11-06T23:49:02+00:00
144,1411,co_borrower,2020-11-29T11:40:01+00:00
145,1152,primary,2024-06-30T17:12:19+00:00
146,1481,primary,2021-03-10T22:16:44+00:00
147,1816,primary,2019-09-09T22:53:16+00:00
148,668,primary,2025-05-04T18:26:57+00:00
149,792,primary,2022-06-16T08:05:23+00:00
150,1640,primary,2024-06-05T23:08:34+00:00
150,387,guarantor,2024-06-25T23:46:00+00:00
151,34,primary,2025-02-08T22:20:57+00:00
152,359,primary,2024-11-02T07:35:40+00:00
153,1823,primary,2020-06-21T05:45:09+00:00
154,1289,primary,2025-02-15T15:54:30+00:00
155,1584,primary,2019-10-28T02:49:15+00:00
156,1395,primary,2024-01-14T14:29:47+00:00
156,2065,guarantor,2024-01-31T07:42:26+00:00
157,1744,primary,2019-04-14T00:45:49+00:00
158,1078,primary,2024-06-17T05:33:00+00:00
158,1168,co_borrower,2024-06-29T03:30:50+00:00
159,1746,primary,2023-03-31T14:52:13+00:00
160,570,primary,2023-01-27T00:30:30+00:00
160,387,guarantor,2023-02-04T17:21:57+00:00
161,235,primary,2019-06-30T10:19:10+00:00
162,1064,primary,2022-06-26T20:43:08+00:00
163,1230,primary,2019-10-27T22:15:11+00:00
164,285,primary,2022-05-30T22:47:38+00:00
165,2096,primary,2025-05-10T07:44:47+00:00
166,1337,primary,2019-04-14T07:59:11+00:00
167,1074,primary,2021-01-26T21:00:28+00:00
168,1281,primary,2024-08-16T17:36:13+00:00
169,676,primary,2025-04-26T15:48:35+00:00
170,2165,primary,2019-09-26T04:08:32+00:00
170,961,co_borrower,2019-10-16T04:47:42+00:00
171,2005,primary,2021-08-15T14:02:23+00:00
172,258,primary,2020-01-22T06:07:51+00:00
173,292,primary,2022-06-23T00:33:48+00:00
174,1815,primary,2022-10-31T07:36:24+00:00
175,1302,primary,2020-01-17T21:01:20+00:00
176,1732,primary,2023-01-02T07:55:07+00:00
176,1992,co_borrower,2023-01-27T10:44:51+00:00
177,1312,primary,2023-02-24T20:44:20+00:00
177,1917,co_borrower,2023-03-02T12:00:53+00:00
178,1898,primary,2022-07-02T21:54:36+00:00
178,783,co_borrower,2022-07-14T23:39:01+00:00
179,1360,primary,2022-08-29T11:13:27+00:00
180,1860,primary,2021-11-01T23:52:14+00:00
181,1713,primary,2021-09-20T19:51:50+00:00
182,1097,primary,2023-03-06T11:46:48+00:00
183,1202,primary,2023-08-24T23:29:32+00:00
183,1015,co_borrower,2023-09-15T22:22:25+00:00
184,2153,primary,2024-06-16T18:46:11+00:00
185,1500,primary,2022-06-01T02:58:19+00:00
185,1388,guarantor,2022-06-18T08:03:14+00:00
186,779,primary,2023-11-07T00:11:52+00:00
187,1789,primary,2020-10-08T22:52:15+00:00
188,873,primary,2021-09-20T08:57:10+00:00
189,1686,primary,2020-02-16T01:12:54+00:00
190,1786,primary,2019-11-20T22:08:30+00:00
191,2106,primary,2019-03-04T22:06:48+00:00
192,824,primary,2025-01-08T04:54:09+00:00
192,278,co_borrower,2025-01-09T20:27:28+00:00
193,849,primary,2025-04-23T19:29:02+00:00
194,1123,primary,2022-11-30T05:55:15+00:00
194,259,co_borrower,2022-12-27T02:11:06+00:00
195,1265,primary,2023-12-05T16:47:49+00:00
196,681,primary,2020-05-04T20:56:25+00:00
197,200,primary,2019-08-19T21:11:14+00:00
198,1341,primary,2022-12-19T15:56:46+00:00
199,1004,primary,2020-06-08T09:33:05+00:00
200,2150,primary,2019-04-07T15:44:41+00:00
201,2167,primary,2020-04-19T06:38:52+00:00
202,195,primary,2021-02-19T15:31:10+00:00
203,896,primary,2023-02-10T15:29:19+00:00
204,366,primary,2025-01-21T07:14:02+00:00
204,299,co_borrower,2025-02-08T00:05:27+00:00
205,784,primary,2021-05-18T01:10:45+00:00
206,804,primary,2023-06-29T10:34:34+00:00
207,525,primary,2019-05-07T00:35:47+00:00
208,1845,primary,2021-11-09T02:20:23+00:00
209,566,primary,2024-10-31T22:14:30+00:00
210,2101,primary,2024-01-16T02:23:27+00:00
211,1519,primary,2025-05-04T02:56:54+00:00
212,1526,primary,2023-05-26T22:48:33+00:00
213,208,primary,2020-04-23T21:05:56+00:00
214,82,primary,2021-11-21T00:05:25+00:00
215,242,primary,2019-11-30T14:16:47+00:00
216,1912,primary,2024-11-05T05:58:05+00:00
217,1657,primary,2023-10-27T03:02:13+00:00
218,1476,primary,2022-05-28T04:12:43+00:00
219,1672,primary,2023-12-06T11:59:33+00:00
220,1570,primary,2022-04-07T12:32:47+00:00
221,191,primary,2023-03-15T21:54:26+00:00
222,2080,primary,2022-08-12T01:14:26+00:00
223,1301,primary,2025-03-09T19:44:45+00:00
224,1347,primary,2020-05-20T06:05:16+00:00
225,1231,primary,2022-04-21T08:51:05+00:00
226,1773,primary,2019-07-08T07:30:41+00:00
226,1706,guarantor,2019-07-27T19:59:15+00:00
227,1398,primary,2023-04-21T17:18:33+00:00
228,1283,primary,2025-02-01T15:21:27+00:00
229,217,primary,2024-07-03T06:38:43+00:00
230,1856,primary,2019-05-21T08:31:11+00:00
231,991,primary,2019-05-07T17:06:51+00:00
232,2139,primary,2019-07-23T19:56:50+00:00
233,1848,primary,2025-01-20T08:55:07+00:00
234,469,primary,2025-01-07T15:22:26+00:00
235,873,primary,2020-12-26T05:57:02+00:00
236,1861,primary,2021-10-16T13:13:28+00:00
237,468,primary,2019-02-12T15:33:48+00:00
237,487,co_borrower,2019-02-22T01:58:29+00:00
238,1336,primary,2019-06-29T23:23:33+00:00
239,1099,primary,2022-11-14T14:36:53+00:00
240,813,primary,2022-09-27T18:17:22+00:00
241,74,primary,2022-04-18T10:54:22+00:00
242,724,primary,2024-10-09T10:34:50+00:00
243,81,primary,2025-06-01T23:41:18+00:00
244,1463,primary,2024-05-10T07:11:26+00:00
244,1796,co_borrower,2024-06-09T10:39:43+00:00
245,95,primary,2024-09-05T06:23:44+00:00
246,710,primary,2023-06-24T05:59:03+00:00
247,672,primary,2020-04-28T05:51:54+00:00
248,1626,primary,2022-02-14T06:01:31+00:00
249,1596,primary,2023-04-10T22:45:34+00:00
250,2165,primary,2021-10-23T19:42:18+00:00
251,1669,primary,2020-07-04T11:53:17+00:00
252,1213,primary,2022-01-31T13:17:13+00:00
253,1367,primary,2024-03-04T05:19:04+00:00
253,2000,co_borrower,2024-03-14T23:20:26+00:00
254,1943,primary,2021-09-10T14:52:10+00:00
255,2057,primary,2021-02-11T00:54:19+00:00
256,1166,primary,2022-06-23T04:52:35+00:00
257,1321,primary,2023-10-09T20:35:45+00:00
258,1272,primary,2021-04-26T20:07:43+00:00
259,1400,primary,2024-12-03T12:28:51+00:00
260,881,primary,2023-06-14T13:14:28+00:00
261,1900,primary,2021-07-22T19:03:12+00:00
262,714,primary,2021-07-15T16:36:21+00:00
263,101,primary,2020-05-03T03:08:23+00:00
263,164,guarantor,2020-05-21T00:29:56+00:00
264,1833,primary,2020-04-28T02:44:58+00:00
265,982,primary,2019-01-20T20:09:12+00:00
266,1135,primary,2020-03-06T04:07:00+00:00
266,2064,co_borrower,2020-03-22T09:51:56+00:00
267,999,primary,2019-02-23T20:40:45+00:00
268,1414,primary,2022-06-13T01:00:20+00:00
269,1475,primary,2025-03-17T02:20:22+00:00
270,1447,primary,2022-10-05T12:09:35+00:00
270,1889,guarantor,2022-10-24T05:49:03+00:00
271,26,primary,2019-08-09T22:25:47+00:00
271,721,co_borrower,2019-09-04T02:53:02+00:00
272,540,primary,2020-08-24T05:51:15+00:00
273,1852,primary,2021-05-09T00:55:31+00:00
274,668,primary,2022-12-19T03:12:03+00:00
274,1009,co_borrower,2023-01-17T01:28:53+00:00
275,1778,primary,2022-09-10T09:59:56+00:00
276,861,primary,2022-11-10T08:42:20+00:00
276,2071,co_borrower,2022-11-18T14:23:55+00:00
277,1026,primary,2020-01-06T03:26:10+00:00
278,608,primary,2020-06-11T04:18:03+00:00
279,809,primary,2020-01-22T21:12:22+00:00
279,1550,guarantor,2020-01-23T11:03:21+00:00
280,814,primary,2021-06-21T01:54:48+00:00
280,227,guarantor,2021-07-06T21:14:28+00:00
281,325,primary,2025-04-18T11:27:23+00:00
282,905,primary,2019-09-19T19:15:07+00:00
282,1497,co_borrower,2019-10-07T18:37:26+00:00
283,1519,primary,2020-08-06T09:15:31+00:00
284,2075,primary,2022-08-27T18:51:07+00:00
284,1823,guarantor,2022-09-16T17:35:42+00:00
285,1622,primary,2019-04-02T18:25:25+00:00
286,463,primary,2020-02-02T08:17:52+00:00
286,578,co_borrower,2020-03-01T03:06:43+00:00
287,1500,primary,2025-02-12T23:58:01+00:00
288,1439,primary,2024-04-26T09:06:54+00:00
288,1612,co_borrower,2024-04-30T06:49:19+00:00
289,90,primary,2020-07-03T06:40:01+00:00
290,465,primary,2022-02-26T21:33:35+00:00
291,19,primary,2021-08-25T15:56:06+00:00
292,2161,primary,2020-03-01T16:03:18+00:00
292,842,guarantor,2020-03-14T22:51:13+00:00
293,471,primary,2022-05-14T18:26:17+00:00
294,335,primary,2023-09-01T11:13:07+00:00
295,1099,primary,2023-08-22T05:03:00+00:00
296,1434,primary,2019-07-17T07:18:35+00:00
297,2123,primary,2022-09-30T04:54:22+00:00
298,317,primary,2021-10-15T21:50:27+00:00
299,919,primary,2021-03-27T14:03:10+00:00
300,627,primary,2021-05-28T07:53:04+00:00
301,1336,primary,2022-11-19T18:28:15+00:00
302,1786,primary,2020-10-22T09:32:16+00:00
303,1271,primary,2019-05-12T19:51:18+00:00
304,1927,primary,2022-09-02T16:36:07+00:00
305,1055,primary,2022-01-29T13:06:59+00:00
306,450,primary,2021-06-08T12:15:30+00:00
307,158,primary,2022-06-02T23:45:25+00:00
308,610,primary,2020-07-14T19:05:31+00:00
309,1003,primary,2023-10-15T03:57:06+00:00
310,500,primary,2020-07-11T04:40:12+00:00
311,2127,primary,2021-02-17T09:03:37+00:00
312,473,primary,2019-05-06T19:05:43+00:00
313,269,primary,2019-10-27T21:10:46+00:00
313,1168,guarantor,2019-10-27T10:36:13+00:00
314,121,primary,2022-02-22T14:01:28+00:00
315,1204,primary,2024-05-13T11:55:49+00:00
316,570,primary,2019-06-22T06:02:48+00:00
317,1731,primary,2020-09-20T02:03:30+00:00
317,31,co_borrower,2020-09-27T23:48:20+00:00
318,1672,primary,2019-03-13T14:07:45+00:00
319,1875,primary,2020-09-22T22:58:22+00:00
320,2055,primary,2021-09-05T08:57:39+00:00
321,1733,primary,2019-12-05T09:52:08+00:00
321,1715,co_borrower,2019-12-28T19:30:55+00:00
322,1600,primary,2020-11-25T19:08:00+00:00
322,599,co_borrower,2020-12-05T16:13:19+00:00
323,617,primary,2019-07-17T05:59:02+00:00
324,2194,primary,2021-07-17T07:26:04+00:00
325,956,primary,2024-05-15T08:13:09+00:00
326,808,primary,2022-04-19T16:27:54+00:00
327,317,primary,2021-08-01T17:33:11+00:00
327,1206,co_borrower,2021-08-28T04:41:30+00:00
328,1708,primary,2024-10-22T06:03:06+00:00
328,715,co_borrower,2024-11-13T17:05:18+00:00
329,1190,primary,2021-07-05T10:24:22+00:00
330,1006,primary,2025-01-25T05:58:39+00:00
330,1770,co_borrower,2025-02-11T05:47:33+00:00
331,1922,primary,2022-07-05T19:15:58+00:00
332,1212,primary,2021-06-16T19:49:59+00:00
333,986,primary,2024-12-06T07:22:21+00:00
334,775,primary,2022-05-15T06:39:01+00:00
335,113,primary,2021-10-25T08:23:09+00:00
336,244,primary,2019-04-28T02:37:40+00:00
337,1320,primary,2019-09-06T01:12:43+00:00
337,1683,co_borrower,2019-09-06T11:17:01+00:00
338,455,primary,2025-05-02T15:32:02+00:00
339,128,primary,2020-04-30T21:18:18+00:00
340,1638,primary,2021-03-07T02:46:27+00:00
341,1592,primary,2019-08-13T18:11:47+00:00
342,698,primary,2024-11-01T18:08:35+00:00
343,1100,primary,2022-11-26T05:49:56+00:00
344,167,primary,2019-08-10T23:35:20+00:00
345,1900,primary,2023-01-11T16:20:54+00:00
346,1735,primary,2019-09-06T11:39:51+00:00
346,285,guarantor,2019-09-20T07:26:07+00:00
347,803,primary,2021-09-07T06:48:38+00:00
347,1253,co_borrower,2021-09-24T14:34:43+00:00
348,367,primary,2025-06-20T02:54:25+00:00
349,1231,primary,2022-12-14T03:14:20+00:00
350,569,primary,2019-08-22T23:24:09+00:00
351,2047,primary,2021-02-07T11:28:33+00:00
352,792,primary,2021-02-24T04:00:06+00:00
353,1596,primary,2022-05-10T01:22:53+00:00
354,1211,primary,2019-12-02T10:07:55+00:00
355,814,primary,2021-06-23T22:47:40+00:00
356,894,primary,2024-05-06T22:00:48+00:00
356,191,guarantor,2024-05-07T09:44:33+00:00
357,823,primary,2020-03-14T22:35:04+00:00
358,698,primary,2024-11-08T20:27:59+00:00
359,1862,primary,2023-06-17T21:19:31+00:00
360,464,primary,2021-12-02T07:50:48+00:00
361,358,primary,2022-05-11T16:15:55+00:00
362,660,primary,2025-02-02T23:57:49+00:00
362,472,co_borrower,2025-02-09T01:44:23+00:00
363,300,primary,2020-10-28T01:27:11+00:00
364,1573,primary,2019-09-08T07:33:56+00:00
365,405,primary,2022-04-20T20:19:01+00:00
366,1609,primary,2019-02-28T08:20:07+00:00
366,1408,guarantor,2019-03-07T02:19:35+00:00
367,2051,primary,2022-03-21T13:51:54+00:00
367,156,co_borrower,2022-04-06T15:41:47+00:00
368,2010,primary,2021-05-29T01:26:13+00:00
368,1313,guarantor,2021-06-16T00:52:25+00:00
369,103,primary,2024-12-02T01:04:22+00:00
370,769,primary,2023-09-22T06:29:35+00:00
371,1851,primary,2021-12-17T09:37:15+00:00
372,242,primary,2024-11-29T16:27:18+00:00
372,439,co_borrower,2024-12-18T16:59:50+00:00
373,1655,primary,2023-10-23T02:31:14+00:00
373,1637,co_borrower,2023-11-20T05:36:39+00:00
374,1459,primary,2024-06-10T12:23:04+00:00
375,357,primary,2025-06-08T08:24:09+00:00
375,415,co_borrower,2025-06-29T12:14:29+00:00
376,590,primary,2020-09-09T03:37:22+00:00
377,767,primary,2019-01-27T05:28:24+00:00
377,1806,guarantor,2019-02-15T14:01:06+00:00
378,539,primary,2023-01-25T20:57:45+00:00
379,2095,primary,2021-08-07T10:51:10+00:00
380,485,primary,2020-07-21T05:09:26+00:00
381,1872,primary,2019-10-05T14:46:16+00:00
382,1494,primary,2023-01-08T18:11:10+00:00
383,1008,primary,2023-09-21T21:55:25+00:00
384,403,primary,2020-01-05T14:30:16+00:00
385,2161,primary,2020-11-14T04:26:21+00:00
386,1297,primary,2023-01-06T01:16:16+00:00
387,1704,primary,2022-05-04T13:10:53+00:00
387,1364,guarantor,2022-05-20T12:15:11+00:00
388,1598,primary,2020-08-03T23:26:41+00:00
389,1609,primary,2023-05-30T21:52:25+00:00
390,28,primary,2023-11-12T03:52:39+00:00
390,311,guarantor,2023-11-17T02:29:44+00:00
391,1871,primary,2019-10-23T00:26:39+00:00
392,1419,primary,2023-03-18T04:02:23+00:00
392,590,co_borrower,2023-03-18T06:48:59+00:00
392,1808,guarantor,2023-03-24T06:07:55+00:00
393,1436,primary,2023-07-20T03:39:08+00:00
394,2158,primary,2023-11-24T22:38:03+00:00
395,817,primary,2023-11-28T06:04:55+00:00
395,1651,guarantor,2023-12-05T16:29:40+00:00
396,267,primary,2020-11-02T22:34:12+00:00
397,1669,primary,2022-02-18T07:28:40+00:00
398,1348,primary,2024-09-16T01:50:36+00:00
399,1272,primary,2020-10-28T10:18:42+00:00
400,250,primary,2021-01-30T01:54:26+00:00
401,1562,primary,2024-07-18T12:26:31+00:00
402,865,primary,2020-01-30T04:02:37+00:00
403,1950,primary,2020-02-18T00:31:10+00:00
404,23,primary,2022-04-18T21:34:11+00:00
405,1599,primary,2023-03-20T09:09:19+00:00
406,2108,primary,2022-04-27T21:14:57+00:00
406,370,guarantor,2022-05-10T00:50:15+00:00
407,2177,primary,2022-11-18T16:42:57+00:00
408,2189,primary,2022-02-13T21:56:57+00:00
409,600,primary,2020-10-23T17:33:52+00:00
410,510,primary,2020-06-15T19:05:57+00:00
411,1038,primary,2020-02-21T07:11:21+00:00
412,501,primary,2023-08-19T07:02:01+00:00
413,1637,primary,2022-12-11T07:57:43+00:00
413,781,co_borrower,2023-01-01T11:08:11+00:00
414,2135,primary,2024-12-24T00:20:55+00:00
415,829,primary,2019-03-14T16:00:52+00:00
416,1902,primary,2021-10-09T04:41:24+00:00
417,346,primary,2019-04-24T02:24:57+00:00
417,1723,guarantor,2019-05-09T08:17:43+00:00
418,1399,primary,2020-05-29T23:15:05+00:00
419,1116,primary,2020-07-15T00:04:46+00:00
420,690,primary,2022-07-30T10:03:09+00:00
421,830,primary,2023-10-29T01:12:15+00:00
422,576,primary,2024-06-09T00:36:03+00:00
422,233,guarantor,2024-06-16T19:20:03+00:00
423,1219,primary,2022-04-01T12:47:36+00:00
423,854,co_borrower,2022-04-11T11:25:54+00:00
424,150,primary,2021-04-06T20:24:37+00:00
425,2068,primary,2021-09-01T22:59:09+00:00
426,585,primary,2021-02-21T04:23:54+00:00
427,237,primary,2022-11-18T21:08:38+00:00
428,1226,primary,2023-08-04T00:36:07+00:00
429,1362,primary,2025-04-08T18:33:05+00:00
430,1449,primary,2024-07-01T04:57:01+00:00
430,1575,co_borrower,2024-07-07T00:04:17+00:00
431,2104,primary,2020-08-10T02:09:00+00:00
432,921,primary,2023-11-05T13:47:27+00:00
432,1192,co_borrower,2023-11-28T15:15:58+00:00
432,1479,guarantor,2023-11-10T04:34:11+00:00
433,488,primary,2025-03-03T20:39:39+00:00
434,1647,primary,2021-12-24T12:21:28+00:00
434,1985,co_borrower,2022-01-02T05:09:10+00:00
435,54,primary,2023-11-21T02:49:15+00:00
436,560,primary,2020-12-19T17:59:19+00:00
437,40,primary,2019-03-30T12:46:12+00:00
437,70,guarantor,2019-04-07T01:44:55+00:00
438,1005,primary,2020-08-10T01:04:14+00:00
439,172,primary,2020-07-02T06:24:02+00:00
440,2075,primary,2021-06-30T00:36:42+00:00
441,633,primary,2021-08-25T08:51:27+00:00
441,1572,co_borrower,2021-09-22T10:49:48+00:00
442,1184,primary,2021-04-16T23:00:24+00:00
443,1330,primary,2023-01-30T18:41:55+00:00
444,461,primary,2024-05-03T23:40:17+00:00
445,448,primary,2024-09-08T09:09:10+00:00
446,866,primary,2020-02-15T20:04:10+00:00
447,1926,primary,2020-02-21T09:09:52+00:00
448,2037,primary,2022-03-24T04:53:53+00:00
449,1021,primary,2025-02-02T11:20:46+00:00
450,625,primary,2024-04-26T16:09:25+00:00
451,139,primary,2025-03-27T03:59:35+00:00
452,276,primary,2022-06-30T12:47:31+00:00
452,1962,guarantor,2022-07-03T10:50:08+00:00
453,135,primary,2019-11-01T05:58:09+00:00
454,1405,primary,2019-04-25T01:51:48+00:00
454,1852,guarantor,2019-05-07T01:56:19+00:00
455,955,primary,2019-11-15T23:43:44+00:00
456,2124,primary,2022-03-10T01:15:51+00:00
457,62,primary,2021-02-19T17:05:20+00:00
458,908,primary,2023-08-18T21:59:44+00:00
459,272,primary,2022-07-05T04:51:32+00:00
460,290,primary,2023-03-16T19:41:53+00:00
461,1667,primary,2024-10-07T23:22:36+00:00
462,2012,primary,2022-10-06T08:25:46+00:00
463,1387,primary,2021-09-28T14:02:12+00:00
464,640,primary,2019-04-09T09:21:06+00:00
465,698,primary,2025-06-07T16:38:23+00:00
465,28,co_borrower,2025-07-01T02:06:18+00:00
466,460,primary,2022-10-04T05:55:21+00:00
467,72,primary,2021-02-15T06:36:54+00:00
468,306,primary,2024-08-22T18:44:19+00:00
469,1217,primary,2023-05-26T03:30:29+00:00
470,72,primary,2021-12-05T05:58:25+00:00
471,993,primary,2021-05-15T11:22:15+00:00
472,527,primary,2019-07-13T23:10:02+00:00
473,176,primary,2024-06-08T06:52:36+00:00
474,616,primary,2022-05-18T22:59:27+00:00
474,1749,co_borrower,2022-05-20T04:32:26+00:00
475,293,primary,2020-12-20T01:06:27+00:00
476,84,primary,2022-10-02T16:25:51+00:00
477,1434,primary,2023-09-21T04:45:28+00:00
478,1717,primary,2019-08-05T18:49:57+00:00
478,301,co_borrower,2019-08-15T21:27:56+00:00
479,1186,primary,2023-01-06T23:42:16+00:00
480,2064,primary,2021-08-12T01:23:02+00:00
481,427,primary,2024-10-30T11:55:36+00:00
482,1141,primary,2024-11-08T16:28:42+00:00
483,1373,primary,2024-06-15T06:02:24+00:00
484,913,primary,2020-12-14T08:20:29+00:00
485,144,primary,2020-09-15T04:53:34+00:00
486,1776,primary,2025-02-14T09:17:29+00:00
487,1721,primary,2019-07-13T08:48:17+00:00
487,136,guarantor,2019-07-31T07:05:45+00:00
488,4,primary,2023-11-08T10:41:57+00:00
489,1349,primary,2025-06-24T21:13:20+00:00
490,853,primary,2023-12-01T11:23:03+00:00
490,1813,co_borrower,2023-12-23T11:45:35+00:00
491,113,primary,2023-12-10T05:24:25+00:00
492,2165,primary,2019-09-10T18:43:00+00:00
493,387,primary,2019-09-10T20:11:21+00:00
494,1496,primary,2023-09-18T10:42:10+00:00
495,1813,primary,2024-09-25T14:49:29+00:00
496,1293,primary,2019-06-12T08:37:16+00:00
497,273,primary,2023-05-31T20:41:20+00:00
498,947,primary,2022-09-15T00:44:37+00:00
499,731,primary,2020-03-21T00:43:08+00:00
500,2095,primary,2023-08-18T02:38:53+00:00
501,91,primary,2020-10-18T08:11:05+00:00
502,1263,primary,2022-03-31T22:41:41+00:00
503,1853,primary,2022-05-24T23:03:36+00:00
504,1165,primary,2020-06-07T11:30:42+00:00
505,485,primary,2022-07-07T23:33:01+00:00
505,460,co_borrower,2022-07-17T16:01:54+00:00
506,1047,primary,2023-05-15T07:41:06+00:00
507,1730,primary,2019-03-10T17:03:28+00:00
508,199,primary,2022-08-10T19:39:35+00:00
508,1319,co_borrower,2022-08-11T13:25:22+00:00
509,1666,primary,2024-12-31T08:01:25+00:00
509,2080,co_borrower,2025-01-04T13:15:30+00:00
510,48,primary,2019-12-19T20:15:38+00:00
511,1835,primary,2020-03-11T05:48:36+00:00
512,299,primary,2024-02-19T10:26:17+00:00
513,749,primary,2025-04-26T18:00:08+00:00
514,1081,primary,2023-12-26T09:02:54+00:00
515,1875,primary,2023-08-08T06:37:04+00:00
516,203,primary,2019-07-13T12:32:14+00:00
517,1218,primary,2022-07-04T04:47:23+00:00
518,1414,primary,2019-09-01T20:10:02+00:00
519,1939,primary,2023-09-07T23:54:16+00:00
520,310,primary,2024-09-23T15:48:57+00:00
521,1158,primary,2025-06-27T23:49:09+00:00
521,18,co_borrower,2025-06-29T07:18:46+00:00
522,2114,primary,2023-03-22T04:55:56+00:00
523,659,primary,2019-01-15T08:12:46+00:00
523,1995,guarantor,2019-01-24T03:41:39+00:00
524,1464,primary,2022-03-19T21:22:44+00:00
525,2058,primary,2022-10-03T08:50:33+00:00
526,382,primary,2024-12-02T18:35:03+00:00
526,1095,guarantor,2024-12-14T14:26:25+00:00
527,2162,primary,2020-04-05T13:17:01+00:00
528,1478,primary,2024-10-20T23:18:21+00:00
529,2097,primary,2019-12-19T13:09:24+00:00
530,452,primary,2021-12-12T23:34:59+00:00
531,1485,primary,2019-07-29T13:16:34+00:00
532,1617,primary,2020-02-04T23:38:35+00:00
533,924,primary,2022-12-02T18:06:42+00:00
534,2128,primary,2021-03-31T03:34:26+00:00
535,1585,primary,2019-01-14T17:47:05+00:00
536,1351,primary,2022-01-07T18:04:47+00:00
537,1400,primary,2020-11-30T01:26:31+00:00
538,1985,primary,2019-02-06T23:25:04+00:00
539,1797,primary,2020-11-09T16:09:35+00:00
540,462,primary,2024-06-07T23:21:13+00:00
540,175,guarantor,2024-06-15T13:10:17+00:00
541,1141,primary,2025-04-04T20:20:51+00:00
541,1235,co_borrower,2025-04-21T09:09:39+00:00
542,1543,primary,2023-06-08T19:48:57+00:00
543,1865,primary,2019-10-27T03:43:00+00:00
544,1703,primary,2021-03-09T11:31:47+00:00
545,1527,primary,2020-02-16T13:31:14+00:00
546,1934,primary,2023-07-11T02:56:56+00:00
547,1506,primary,2023-12-13T08:40:54+00:00
547,2027,co_borrower,2023-12-19T22:30:42+00:00
548,1138,primary,2019-05-01T08:21:47+00:00
549,1037,primary,2022-08-15T21:44:52+00:00
550,1146,primary,2025-01-27T21:11:22+00:00
551,2100,primary,2019-12-26T18:20:02+00:00
552,217,primary,2023-02-06T07:36:53+00:00
553,1371,primary,2025-02-11T23:28:55+00:00
553,1204,guarantor,2025-03-01T21:55:41+00:00
554,1335,primary,2024-06-10T04:26:08+00:00
554,1867,co_borrower,2024-06-15T20:19:23+00:00
555,1481,primary,2024-10-14T02:09:34+00:00
556,978,primary,2021-01-18T10:28:29+00:00
557,715,primary,2024-08-01T08:59:36+00:00
558,19,primary,2024-11-27T13:44:52+00:00
559,921,primary,2024-04-15T00:08:21+00:00
559,1987,co_borrower,2024-05-11T09:17:58+00:00
559,1088,guarantor,2024-04-16T23:22:27+00:00
560,1200,primary,2021-01-06T22:42:31+00:00
561,196,primary,2024-09-08T08:46:06+00:00
562,1434,primary,2024-01-25T09:29:07+00:00
562,692,co_borrower,2024-02-12T20:55:01+00:00
562,1640,guarantor,2024-02-02T05:38:37+00:00
563,2185,primary,2020-10-26T12:13:47+00:00
564,297,primary,2023-10-22T18:18:11+00:00
565,1836,primary,2024-07-31T01:58:08+00:00
566,728,primary,2022-11-09T17:45:15+00:00
566,1306,co_borrower,2022-12-07T15:25:20+00:00
567,421,primary,2020-05-16T09:45:43+00:00
568,904,primary,2019-05-06T17:58:17+00:00
569,1274,primary,2019-12-31T08:05:38+00:00
570,2073,primary,2020-01-22T22:56:27+00:00
571,867,primary,2023-10-04T21:26:23+00:00
572,357,primary,2022-03-22T02:46:21+00:00
573,1122,primary,2021-09-09T03:56:00+00:00
574,7,primary,2022-06-05T18:21:17+00:00
575,683,primary,2023-01-10T19:24:30+00:00
576,373,primary,2023-06-09T03:32:10+00:00
577,350,primary,2024-12-02T11:55:55+00:00
578,1807,primary,2024-12-14T17:37:49+00:00
579,90,primary,2022-07-29T11:59:32+00:00
579,1325,guarantor,2022-08-09T04:47:22+00:00
580,1983,primary,2022-03-25T14:05:11+00:00
581,1135,primary,2019-11-22T19:49:47+00:00
581,835,co_borrower,2019-12-15T01:31:39+00:00
582,355,primary,2024-07-31T08:51:33+00:00
583,2143,primary,2024-05-11T06:07:40+00:00
584,40,primary,2025-06-13T19:45:34+00:00
585,2053,primary,2022-10-18T09:34:32+00:00
586,1101,primary,2024-08-25T19:35:00+00:00
587,1885,primary,2022-02-22T11:56:51+00:00
587,558,guarantor,2022-03-11T23:11:20+00:00
588,420,primary,2022-04-01T19:36:56+00:00
588,1368,co_borrower,2022-04-01T20:36:51+00:00
588,359,guarantor,2022-04-16T02:09:45+00:00
589,1619,primary,2024-12-27T08:23:42+00:00
590,1260,primary,2022-10-14T12:23:20+00:00
591,1075,primary,2023-10-22T12:44:17+00:00
592,667,primary,2020-06-15T05:23:00+00:00
593,709,primary,2020-08-05T18:06:34+00:00
593,316,co_borrower,2020-08-19T05:43:42+00:00
594,61,primary,2025-05-08T07:29:50+00:00
595,2006,primary,2020-08-05T05:39:31+00:00
596,1548,primary,2020-05-03T06:52:15+00:00
597,1182,primary,2024-07-23T10:38:08+00:00
598,595,primary,2025-03-26T01:12:36+00:00
599,426,primary,2022-04-07T15:06:31+00:00
600,1903,primary,2021-08-12T09:00:02+00:00
600,280,guarantor,2021-08-16T09:49:28+00:00
601,416,primary,2022-05-31T23:51:35+00:00
602,50,primary,2025-01-17T22:57:29+00:00
603,577,primary,2025-02-25T17:50:09+00:00
604,2016,primary,2025-01-03T07:39:20+00:00
605,2124,primary,2023-01-22T02:19:59+00:00
606,1244,primary,2024-03-29T15:56:59+00:00
606,673,co_borrower,2024-04-23T06:19:00+00:00
607,419,primary,2022-12-03T03:21:09+00:00
608,842,primary,2024-10-24T07:51:48+00:00
609,1859,primary,2025-04-08T04:43:46+00:00
609,1725,guarantor,2025-04-17T14:19:26+00:00
610,546,primary,2024-02-16T21:18:22+00:00
611,91,primary,2024-03-22T20:45:27+00:00
612,1424,primary,2021-09-11T10:20:36+00:00
613,899,primary,2020-09-07T18:30:13+00:00
614,493,primary,2024-06-27T09:58:46+00:00
615,1797,primary,2024-12-20T08:55:25+00:00
616,1128,primary,2020-07-11T07:27:26+00:00
617,730,primary,2021-12-09T01:58:48+00:00
618,651,primary,2019-09-29T22:18:41+00:00
619,1432,primary,2024-05-05T13:27:14+00:00
620,110,primary,2023-05-03T22:29:47+00:00
621,2154,primary,2023-01-02T14:45:05+00:00
622,1760,primary,2020-12-29T03:38:15+00:00
623,1956,primary,2020-01-07T00:21:26+00:00
624,811,primary,2019-05-21T01:40:48+00:00
625,872,primary,2022-05-27T10:41:39+00:00
626,1251,primary,2019-10-05T13:38:07+00:00
627,1363,primary,2025-02-16T12:53:33+00:00
628,1995,primary,2020-07-07T03:29:55+00:00
628,1922,co_borrower,2020-08-02T11:51:23+00:00
628,393,guarantor,2020-07-09T01:36:12+00:00
629,694,primary,2023-07-03T21:28:01+00:00
630,1624,primary,2020-08-02T16:20:50+00:00
630,315,co_borrower,2020-08-23T20:39:15+00:00
631,1452,primary,2020-07-05T13:50:46+00:00
632,761,primary,2020-10-27T21:02:34+00:00
633,133,primary,2023-12-11T05:44:52+00:00
634,625,primary,2021-05-11T06:35:04+00:00
634,135,guarantor,2021-05-14T07:41:47+00:00
635,1358,primary,2024-11-01T22:52:27+00:00
636,316,primary,2024-12-15T08:36:21+00:00
636,1854,guarantor,2024-12-21T02:25:15+00:00
637,987,primary,2021-01-31T03:23:41+00:00
638,438,primary,2022-06-30T20:56:43+00:00
639,2135,primary,2019-02-05T23:59:17+00:00
639,520,guarantor,2019-02-06T19:01:39+00:00
640,2191,primary,2021-04-23T16:46:40+00:00
641,1513,primary,2025-04-26T23:17:52+00:00
642,1160,primary,2024-01-15T10:55:26+00:00
642,1387,co_borrower,2024-01-21T17:29:16+00:00
643,1523,primary,2020-07-12T02:52:04+00:00
643,2130,co_borrower,2020-07-18T08:35:03+00:00
644,184,primary,2019-09-26T17:08:28+00:00
645,100,primary,2022-04-19T19:11:28+00:00
646,131,primary,2025-01-04T13:30:11+00:00
647,1578,primary,2022-08-27T07:40:56+00:00
648,2065,primary,2020-06-12T04:51:59+00:00
649,673,primary,2021-07-20T19:57:48+00:00
650,247,primary,2021-05-12T22:40:04+00:00
651,1493,primary,2023-06-09T11:59:07+00:00
652,1125,primary,2023-12-21T12:35:02+00:00
653,11,primary,2024-07-14T06:40:19+00:00
654,1172,primary,2019-08-31T23:40:34+00:00
654,25,co_borrower,2019-09-12T11:44:31+00:00
655,1353,primary,2022-05-17T01:23:26+00:00
656,857,primary,2023-04-22T01:14:34+00:00
657,820,primary,2025-03-17T16:31:17+00:00
658,444,primary,2022-06-06T07:47:25+00:00
659,225,primary,2019-01-16T12:18:15+00:00
659,2194,co_borrower,2019-02-10T20:03:49+00:00
660,571,primary,2020-01-26T01:49:41+00:00
661,233,primary,2023-12-05T20:04:20+00:00
661,607,guarantor,2023-12-17T09:32:48+00:00
662,316,primary,2024-11-09T14:44:12+00:00
663,1526,primary,2024-05-24T17:55:42+00:00
664,129,primary,2023-08-20T19:57:20+00:00
664,1336,co_borrower,2023-08-29T00:42:59+00:00
665,1358,primary,2025-06-25T10:58:33+00:00
666,753,primary,2024-02-02T21:20:13+00:00
667,1875,primary,2025-04-01T04:19:13+00:00
668,157,primary,2024-09-25T11:47:46+00:00
669,1829,primary,2020-09-16T10:40:10+00:00
670,1681,primary,2023-06-14T11:35:11+00:00
671,1680,primary,2020-07-24T01:10:31+00:00
672,599,primary,2022-08-26T10:12:35+00:00
672,1299,guarantor,2022-09-01T08:49:14+00:00
673,1048,primary,2024-06-19T04:02:47+00:00
674,657,primary,2022-12-05T15:23:26+00:00
675,818,primary,2021-04-01T07:06:00+00:00
676,334,primary,2024-09-22T07:51:52+00:00
677,702,primary,2022-03-12T19:43:31+00:00
678,145,primary,2022-04-29T13:23:13+00:00
679,306,primary,2023-01-04T05:47:25+00:00
680,26,primary,2021-09-05T01:43:48+00:00
681,2163,primary,2019-05-24T18:22:14+00:00
682,338,primary,2021-03-16T20:32:27+00:00
683,82,primary,2021-04-17T13:09:08+00:00
684,270,primary,2023-12-27T04:16:25+00:00
685,566,primary,2020-12-07T07:30:46+00:00
686,1481,primary,2024-11-13T19:28:23+00:00
687,1481,primary,2023-05-15T01:12:23+00:00
688,583,primary,2019-01-27T02:57:23+00:00
689,1673,primary,2022-01-03T22:04:20+00:00
690,1044,primary,2024-07-23T01:47:37+00:00
691,2197,primary,2019-04-28T16:10:53+00:00
692,492,primary,2022-09-20T07:55:24+00:00
693,563,primary,2020-06-17T12:55:06+00:00
693,660,co_borrower,2020-06-26T17:14:37+00:00
694,1201,primary,2021-07-16T04:10:35+00:00
695,2100,primary,2025-04-21T00:00:49+00:00
696,1940,primary,2021-11-13T12:34:07+00:00
697,305,primary,2023-10-22T03:23:22+00:00
698,442,primary,2023-05-08T00:55:44+00:00
699,689,primary,2019-05-15T08:46:24+00:00
700,952,primary,2022-07-25T21:23:13+00:00
701,1447,primary,2022-12-07T01:44:32+00:00
702,126,primary,2022-02-14T19:01:21+00:00
703,990,primary,2021-06-29T04:58:08+00:00
704,630,primary,2020-11-23T20:18:27+00:00
705,20,primary,2024-06-13T10:22:17+00:00
706,52,primary,2022-02-03T02:16:57+00:00
707,1600,primary,2021-02-16T06:07:00+00:00
708,793,primary,2024-11-12T03:06:37+00:00
709,108,primary,2021-07-01T13:58:09+00:00
710,411,primary,2022-07-29T15:24:24+00:00
711,1931,primary,2023-11-05T18:11:17+00:00
711,419,guarantor,2023-11-07T09:50:31+00:00
712,933,primary,2019-11-05T14:37:03+00:00
713,670,primary,2022-02-06T01:51:40+00:00
714,5,primary,2025-06-27T17:45:23+00:00
715,1405,primary,2020-02-11T22:14:24+00:00
716,1338,primary,2022-11-25T03:14:42+00:00
717,1231,primary,2023-06-08T11:56:45+00:00
717,1503,guarantor,2023-06-11T00:41:09+00:00
718,1450,primary,2025-04-26T06:07:29+00:00
719,266,primary,2025-06-13T00:09:45+00:00
720,92,primary,2020-04-20T21:10:55+00:00
721,1359,primary,2024-09-22T00:14:48+00:00
721,2119,co_borrower,2024-10-22T20:21:07+00:00
722,1667,primary,2024-03-16T18:50:04+00:00
723,1576,primary,2023-10-31T18:42:25+00:00
724,754,primary,2024-04-11T09:28:46+00:00
725,2141,primary,2022-02-07T21:38:26+00:00
726,916,primary,2019-12-24T20:02:08+00:00
727,616,primary,2023-10-29T16:42:36+00:00
728,1286,primary,2022-05-27T10:13:33+00:00
729,1327,primary,2019-09-25T21:41:19+00:00
730,14,primary,2021-12-28T13:20:46+00:00
731,1286,primary,2024-11-12T14:47:24+00:00
732,1153,primary,2022-12-13T23:41:48+00:00
732,1519,co_borrower,2022-12-24T07:47:29+00:00
733,973,primary,2022-11-27T03:04:29+00:00
734,2074,primary,2023-12-25T21:52:03+00:00
735,2057,primary,2022-10-27T00:19:15+00:00
736,2058,primary,2019-01-20T04:07:08+00:00
737,1474,primary,2024-12-11T20:56:54+00:00
738,959,primary,2020-12-17T21:10:01+00:00
739,1539,primary,2019-07-24T17:14:18+00:00
740,1918,primary,2023-06-26T16:20:26+00:00
740,484,co_borrower,2023-06-27T09:49:33+00:00
740,1211,guarantor,2023-07-13T05:25:43+00:00
741,183,primary,2020-06-24T03:34:21+00:00
742,1974,primary,2021-02-25T02:33:14+00:00
743,1179,primary,2020-11-01T04:16:02+00:00
744,324,primary,2023-09-07T11:21:19+00:00
745,539,primary,2022-07-12T23:14:12+00:00
746,1304,primary,2021-03-25T19:11:35+00:00
747,1131,primary,2023-08-26T07:52:19+00:00
748,1363,primary,2020-08-24T04:19:40+00:00
749,2051,primary,2022-01-22T01:30:22+00:00
750,1540,primary,2020-02-24T08:01:06+00:00
751,74,primary,2020-06-16T13:11:28+00:00
751,1636,co_borrower,2020-07-09T00:46:55+00:00
752,110,primary,2023-12-19T20:29:13+00:00
753,2170,primary,2025-04-21T11:38:01+00:00
754,1941,primary,2023-12-11T14:03:41+00:00
755,1496,primary,2019-02-09T22:32:27+00:00
756,2160,primary,2023-01-31T16:57:12+00:00
757,117,primary,2025-06-20T23:42:14+00:00
758,1199,primary,2021-08-11T07:04:28+00:00
759,1392,primary,2022-05-26T09:12:29+00:00
760,888,primary,2021-04-12T02:41:04+00:00
760,899,guarantor,2021-04-17T03:46:44+00:00
761,1800,primary,2022-04-25T07:25:02+00:00
762,343,primary,2022-11-28T09:33:12+00:00
763,2090,primary,2024-12-11T08:05:18+00:00
764,1070,primary,2025-04-27T04:45:20+00:00
764,140,co_borrower,2025-05-09T09:51:12+00:00
765,2047,primary,2019-01-21T06:06:43+00:00
765,115,co_borrower,2019-02-01T01:56:14+00:00
766,1030,primary,2022-09-13T14:48:42+00:00
766,1283,co_borrower,2022-09-18T16:59:28+00:00
767,2165,primary,2024-08-18T22:41:55+00:00
768,1837,primary,2025-05-17T03:27:01+00:00
769,360,primary,2022-08-06T05:09:36+00:00
770,714,primary,2024-09-22T16:04:28+00:00
770,510,co_borrower,2024-10-03T03:08:44+00:00
771,599,primary,2020-02-03T15:55:13+00:00
772,572,primary,2023-12-18T16:09:58+00:00
773,55,primary,2024-12-25T12:30:39+00:00
774,177,primary,2022-01-01T14:55:37+00:00
775,1934,primary,2025-03-18T20:56:59+00:00
776,944,primary,2019-08-09T09:47:47+00:00
777,1223,primary,2020-05-30T20:31:12+00:00
778,1169,primary,2019-01-03T23:47:20+00:00
779,1896,primary,2022-02-05T21:54:28+00:00
780,9,primary,2024-09-02T15:21:31+00:00
781,691,primary,2021-10-23T01:12:45+00:00
782,1912,primary,2023-10-11T12:36:26+00:00
783,2046,primary,2023-06-21T02:47:46+00:00
784,1075,primary,2021-05-26T00:21:58+00:00
784,360,co_borrower,2021-05-29T20:11:39+00:00
785,1720,primary,2023-04-19T00:49:49+00:00
786,1103,primary,2022-04-27T11:45:47+00:00
787,1258,primary,2020-03-06T00:46:46+00:00
788,578,primary,2021-12-27T01:57:41+00:00
789,1412,primary,2022-09-20T10:19:21+00:00
790,1540,primary,2024-08-28T00:06:25+00:00
790,803,co_borrower,2024-09-09T17:38:49+00:00
791,2090,primary,2022-04-26T07:50:59+00:00
792,72,primary,2023-04-07T20:08:45+00:00
792,1850,guarantor,2023-04-08T12:47:36+00:00
793,1257,primary,2020-04-16T23:41:09+00:00
794,620,primary,2023-09-09T10:15:06+00:00
794,890,guarantor,2023-09-12T09:56:20+00:00
795,1976,primary,2021-06-30T22:26:12+00:00
796,2142,primary,2020-10-28T08:54:19+00:00
796,619,guarantor,2020-11-07T00:14:20+00:00
797,1981,primary,2021-08-17T06:37:51+00:00
798,854,primary,2024-07-24T15:05:00+00:00
799,927,primary,2020-09-16T04:33:28+00:00
800,1416,primary,2025-04-10T08:26:39+00:00
801,1629,primary,2020-03-10T20:53:22+00:00
802,147,primary,2020-01-17T10:14:24+00:00
803,1494,primary,2023-07-29T00:53:22+00:00
804,103,primary,2020-11-28T02:21:50+00:00
805,260,primary,2025-05-09T06:09:01+00:00
805,724,guarantor,2025-05-14T06:31:09+00:00
806,598,primary,2020-04-05T18:09:26+00:00
807,1924,primary,2025-02-23T05:20:14+00:00
808,1521,primary,2020-01-05T18:41:03+00:00
808,594,co_borrower,2020-01-07T14:28:15+00:00
809,1378,primary,2022-12-19T14:10:01+00:00
810,1398,primary,2024-03-16T01:53:54+00:00
811,516,primary,2020-05-01T15:45:53+00:00
812,277,primary,2020-07-10T22:36:40+00:00
813,205,primary,2021-06-04T21:23:35+00:00
814,607,primary,2019-03-16T20:30:57+00:00
815,1443,primary,2020-09-23T23:12:47+00:00
816,1715,primary,2024-06-17T04:52:20+00:00
817,1973,primary,2022-11-14T10:46:03+00:00
818,147,primary,2022-10-07T17:28:47+00:00
818,1748,co_borrower,2022-10-31T03:55:08+00:00
819,625,primary,2024-09-17T01:42:04+00:00
820,820,primary,2019-12-15T06:23:57+00:00
821,1749,primary,2022-03-04T04:29:49+00:00
821,1059,co_borrower,2022-04-03T13:52:48+00:00
822,355,primary,2023-11-20T23:10:17+00:00
823,1922,primary,2019-03-20T12:20:10+00:00
824,1155,primary,2020-08-24T01:01:37+00:00
825,890,primary,2019-01-20T01:37:38+00:00
825,741,guarantor,2019-02-04T22:11:33+00:00
826,1373,primary,2021-11-30T05:37:45+00:00
827,481,primary,2021-03-27T23:13:47+00:00
828,1198,primary,2019-03-09T05:28:43+00:00
829,390,primary,2020-11-03T13:11:14+00:00
830,88,primary,2021-04-07T00:07:48+00:00
831,1641,primary,2024-04-12T02:08:14+00:00
832,1085,primary,2020-12-13T12:06:26+00:00
833,1515,primary,2024-08-11T17:34:13+00:00
834,323,primary,2020-05-23T04:14:23+00:00
835,7,primary,2019-05-10T15:19:17+00:00
836,28,primary,2019-10-20T11:23:41+00:00
837,1499,primary,2020-04-26T06:40:20+00:00
837,1502,guarantor,2020-05-11T22:50:53+00:00
838,1346,primary,2020-01-11T13:12:05+00:00
839,109,primary,2023-03-06T09:42:25+00:00
839,1099,co_borrower,2023-04-02T21:57:08+00:00
840,1414,primary,2021-04-11T07:11:47+00:00
841,1866,primary,2022-05-26T13:09:02+00:00
842,1728,primary,2024-10-02T11:45:34+00:00
843,1490,primary,2019-09-21T19:24:48+00:00
844,1644,primary,2019-06-14T20:18:44+00:00
845,1413,primary,2020-08-30T10:21:28+00:00
846,438,primary,2025-03-22T07:54:35+00:00
846,749,guarantor,2025-04-03T23:19:52+00:00
847,1926,primary,2024-06-04T16:34:54+00:00
848,158,primary,2024-09-01T09:37:34+00:00
849,1345,primary,2023-06-21T09:46:47+00:00
850,1672,primary,2020-06-20T09:32:51+00:00
851,1908,primary,2019-12-12T01:40:26+00:00
852,986,primary,2022-02-03T10:30:34+00:00
852,1576,co_borrower,2022-03-02T22:38:11+00:00
853,1961,primary,2023-04-06T00:37:10+00:00
854,98,primary,2025-05-21T07:55:01+00:00
855,1208,primary,2023-07-07T05:28:43+00:00
856,2197,primary,2020-12-15T22:35:42+00:00
857,2199,primary,2024-06-20T21:40:40+00:00
858,1213,primary,2024-03-13T05:42:57+00:00
859,2170,primary,2020-04-09T01:11:57+00:00
860,1168,primary,2021-05-31T03:12:57+00:00
861,704,primary,2024-11-27T11:45:56+00:00
862,802,primary,2025-01-04T04:53:06+00:00
863,143,primary,2023-07-21T05:50:32+00:00
863,1336,co_borrower,2023-07-29T15:26:31+00:00
864,826,primary,2023-03-13T16:18:27+00:00
865,233,primary,2021-05-14T08:26:18+00:00
866,1265,primary,2020-10-26T16:35:11+00:00
866,1238,guarantor,2020-11-03T16:53:18+00:00
867,32,primary,2019-11-28T11:49:56+00:00
868,1912,primary,2020-08-14T05:17:21+00:00
869,836,primary,2024-05-03T21:00:58+00:00
869,712,co_borrower,2024-05-18T10:03:06+00:00
870,1770,primary,2021-03-17T02:17:57+00:00
871,745,primary,2024-02-13T09:40:32+00:00
872,1349,primary,2019-04-30T22:57:37+00:00
873,705,primary,2022-05-14T15:13:50+00:00
874,1959,primary,2021-07-12T08:15:18+00:00
875,1540,primary,2025-04-29T07:59:57+00:00
876,1208,primary,2023-11-21T12:31:37+00:00
877,16,primary,2020-04-22T17:18:51+00:00
878,363,primary,2022-12-31T08:08:34+00:00
879,1395,primary,2019-03-26T20:13:02+00:00
879,1890,co_borrower,2019-04-14T12:20:56+00:00
880,968,primary,2023-10-09T12:16:53+00:00
881,1661,primary,2025-05-24T21:44:03+00:00
881,478,co_borrower,2025-06-23T00:07:23+00:00
882,361,primary,2022-08-01T20:40:50+00:00
883,154,primary,2023-08-30T03:38:30+00:00
884,376,primary,2020-03-25T16:08:26+00:00
884,1749,guarantor,2020-03-30T10:53:09+00:00
885,846,primary,2024-04-21T23:50:55+00:00
886,1179,primary,2020-04-07T15:21:38+00:00
887,593,primary,2025-01-12T05:27:36+00:00
888,820,primary,2024-01-01T11:00:35+00:00
889,146,primary,2019-03-18T09:10:34+00:00
890,712,primary,2022-01-01T02:48:40+00:00
891,630,primary,2023-12-30T08:18:03+00:00
891,2187,co_borrower,2024-01-12T05:45:01+00:00
892,799,primary,2024-01-16T03:50:11+00:00
893,2126,primary,2021-12-27T04:05:57+00:00
894,1723,primary,2019-03-22T19:43:18+00:00
895,1081,primary,2019-03-31T15:16:46+00:00
895,755,guarantor,2019-04-11T13:41:39+00:00
896,2094,primary,2021-11-25T19:43:27+00:00
897,1634,primary,2024-08-05T11:16:25+00:00
897,2013,co_borrower,2024-08-14T15:57:03+00:00
898,933,primary,2021-09-18T10:44:43+00:00
898,1539,co_borrower,2021-10-02T17:51:58+00:00
899,171,primary,2023-12-22T07:16:51+00:00
900,1581,primary,2021-04-27T13:42:09+00:00
901,446,primary,2021-08-29T07:39:47+00:00
902,1978,primary,2024-10-11T02:31:54+00:00
903,1414,primary,2024-05-20T06:01:28+00:00
904,1945,primary,2023-07-03T19:22:58+00:00
905,275,primary,2023-04-23T08:14:33+00:00
906,1432,primary,2024-01-14T05:50:02+00:00
907,713,primary,2022-04-06T14:02:32+00:00
908,1516,primary,2024-04-30T01:39:45+00:00
909,1428,primary,2020-08-06T03:14:47+00:00
910,579,primary,2020-06-23T09:22:41+00:00
911,461,primary,2022-01-29T14:54:37+00:00
911,942,guarantor,2022-02-13T01:46:24+00:00
912,454,primary,2023-12-04T13:36:20+00:00
913,305,primary,2025-03-14T05:07:48+00:00
914,2131,primary,2019-08-12T23:31:56+00:00
914,460,co_borrower,2019-08-27T19:10:54+00:00
915,2137,primary,2024-01-26T17:48:01+00:00
916,1729,primary,2020-09-14T03:25:41+00:00
917,867,primary,2025-04-27T14:29:24+00:00
918,1471,primary,2023-02-19T21:29:42+00:00
919,157,primary,2021-01-01T15:56:50+00:00
920,1697,primary,2019-07-09T23:56:26+00:00
921,1139,primary,2023-05-16T23:51:34+00:00
921,1993,co_borrower,2023-05-23T02:11:22+00:00
922,1158,primary,2022-08-26T07:28:40+00:00
923,1198,primary,2019-12-31T19:28:09+00:00
924,51,primary,2019-12-30T04:13:12+00:00
925,615,primary,2019-10-15T22:25:26+00:00
926,1211,primary,2024-08-08T09:22:19+00:00
927,1370,primary,2020-12-11T16:10:55+00:00
928,1081,primary,2022-11-18T12:35:19+00:00
929,893,primary,2022-07-12T09:19:23+00:00
930,222,primary,2023-02-06T13:48:15+00:00
931,1520,primary,2024-06-17T04:05:11+00:00
932,700,primary,2023-01-12T11:45:33+00:00
932,1086,co_borrower,2023-02-02T05:19:33+00:00
933,663,primary,2022-08-15T19:53:00+00:00
934,653,primary,2022-09-03T17:53:56+00:00
935,1538,primary,2020-01-03T07:59:56+00:00
936,819,primary,2020-07-30T22:28:13+00:00
937,370,primary,2020-08-20T05:46:16+00:00
938,914,primary,2021-07-15T11:25:53+00:00
939,2081,primary,2020-11-18T12:13:26+00:00
940,390,primary,2019-08-28T16:57:26+00:00
941,1304,primary,2019-07-30T21:22:45+00:00
942,1104,primary,2022-11-02T18:44:45+00:00
943,1335,primary,2023-07-20T01:25:07+00:00
944,1369,primary,2022-07-29T03:22:40+00:00
945,110,primary,2020-05-24T07:22:59+00:00
945,672,co_borrower,2020-06-21T11:14:05+00:00
946,2047,primary,2020-11-20T19:33:45+00:00
946,930,guarantor,2020-12-05T06:20:53+00:00
947,706,primary,2024-06-27T18:50:46+00:00
947,458,guarantor,2024-07-03T18:52:10+00:00
948,1804,primary,2024-11-20T07:05:32+00:00
949,676,primary,2024-01-10T11:04:22+00:00
950,2126,primary,2023-11-25T14:15:51+00:00
951,642,primary,2019-09-19T03:10:27+00:00
952,672,primary,2020-07-27T19:35:19+00:00
953,1038,primary,2021-01-12T23:04:28+00:00
954,197,primary,2020-10-31T04:46:57+00:00
955,1210,primary,2023-08-02T23:45:35+00:00
956,1048,primary,2019-03-28T02:03:11+00:00
957,1336,primary,2021-04-01T22:30:53+00:00
957,540,co_borrower,2021-04-26T05:43:14+00:00
958,1258,primary,2020-02-03T09:15:51+00:00
959,1955,primary,2025-05-20T20:35:34+00:00
960,738,primary,2022-07-12T07:12:34+00:00
960,446,co_borrower,2022-07-13T10:53:24+00:00
961,948,primary,2019-06-07T00:07:52+00:00
962,2188,primary,2021-05-19T00:55:29+00:00
963,546,primary,2022-09-01T13:35:44+00:00
964,1598,primary,2019-05-21T10:40:06+00:00
965,357,primary,2025-04-11T02:56:19+00:00
966,1078,primary,2020-04-21T11:30:29+00:00
966,356,guarantor,2020-05-08T02:56:52+00:00
967,1920,primary,2021-02-03T07:33:22+00:00
968,1467,primary,2023-04-07T02:10:39+00:00
968,1521,co_borrower,2023-04-15T05:24:06+00:00
969,722,primary,2019-04-22T15:08:34+00:00
970,851,primary,2021-05-16T07:45:26+00:00
971,2178,primary,2020-04-27T10:12:47+00:00
971,1960,co_borrower,2020-05-24T07:41:37+00:00
972,183,primary,2024-06-15T23:13:17+00:00
973,222,primary,2021-03-03T03:36:31+00:00
974,1011,primary,2022-07-09T00:13:05+00:00
975,1474,primary,2022-12-12T10:59:10+00:00
976,1554,primary,2024-10-10T21:38:18+00:00
976,501,guarantor,2024-10-21T00:22:22+00:00
977,1695,primary,2025-01-04T04:54:07+00:00
978,1197,primary,2022-02-25T11:56:35+00:00
979,434,primary,2022-01-06T03:16:10+00:00
980,2059,primary,2023-10-22T22:17:15+00:00
980,1635,guarantor,2023-11-04T17:23:50+00:00
981,780,primary,2025-05-15T10:02:36+00:00
982,741,primary,2019-07-18T16:33:46+00:00
983,1316,primary,2024-09-22T04:19:19+00:00
984,384,primary,2021-05-04T04:29:37+00:00
985,1415,primary,2024-06-17T02:04:59+00:00
985,1507,co_borrower,2024-06-19T21:00:51+00:00
986,446,primary,2023-07-23T08:27:49+00:00
987,1700,primary,2022-06-05T03:02:57+00:00
987,1806,co_borrower,2022-06-17T07:01:41+00:00
988,2005,primary,2019-12-09T05:17:31+00:00
989,1900,primary,2019-12-19T22:26:47+00:00
990,354,primary,2020-05-30T04:18:31+00:00
991,1345,primary,2019-05-21T00:32:20+00:00
991,1024,co_borrower,2019-06-17T19:49:14+00:00
992,1458,primary,2023-06-10T12:22:53+00:00
993,1358,primary,2023-04-14T20:03:10+00:00
993,1561,co_borrower,2023-05-06T07:42:39+00:00
994,766,primary,2023-07-11T12:30:12+00:00
994,2178,co_borrower,2023-07-29T04:36:52+00:00
995,241,primary,2022-12-17T10:17:11+00:00
996,987,primary,2021-02-21T08:55:31+00:00
997,753,primary,2020-08-14T21:39:09+00:00
998,106,primary,2023-09-28T17:49:30+00:00
999,464,primary,2021-08-10T03:45:07+00:00
1000,616,primary,2022-08-18T07:48:37+00:00
1001,1728,primary,2023-11-13T23:43:06+00:00
1002,1463,primary,2021-03-15T21:59:24+00:00
1003,868,primary,2025-06-15T07:50:23+00:00
1004,1459,primary,2019-01-24T12:46:08+00:00
1005,1895,primary,2023-05-07T20:10:55+00:00
1006,1546,primary,2022-04-13T07:16:52+00:00
1007,2060,primary,2021-03-04T16:45:55+00:00
1008,556,primary,2023-03-11T12:00:18+00:00
1008,1961,co_borrower,2023-03-31T14:53:33+00:00
1008,820,guarantor,2023-03-14T18:26:54+00:00
1009,960,primary,2024-10-15T09:20:59+00:00
1010,652,primary,2023-06-18T02:17:19+00:00
1011,1002,primary,2019-07-26T20:43:05+00:00
1012,825,primary,2021-12-16T14:43:37+00:00
1012,592,guarantor,2021-12-28T16:43:39+00:00
1013,1711,primary,2019-08-28T08:39:38+00:00
1014,2160,primary,2022-10-14T08:18:00+00:00
1015,889,primary,2023-03-13T19:17:57+00:00
1015,794,guarantor,2023-03-27T13:39:36+00:00
1016,1290,primary,2023-09-19T23:42:25+00:00
1016,1086,co_borrower,2023-10-03T10:01:09+00:00
1017,1581,primary,2025-03-13T12:07:30+00:00
1018,1725,primary,2023-10-30T21:41:47+00:00
1019,551,primary,2021-01-01T09:36:09+00:00
1019,1550,guarantor,2021-01-16T23:58:51+00:00
1020,720,primary,2023-11-19T08:03:26+00:00
1021,56,primary,2024-07-05T07:34:55+00:00
1022,187,primary,2025-04-01T07:36:14+00:00
1023,681,primary,2023-09-17T19:48:03+00:00
1024,1449,primary,2024-01-30T23:30:03+00:00
1025,968,primary,2024-12-21T20:18:49+00:00
1026,318,primary,2024-07-07T01:50:54+00:00
1027,1833,primary,2023-03-11T09:02:04+00:00
1028,759,primary,2021-03-24T00:57:57+00:00
1029,899,primary,2021-09-01T19:38:10+00:00
1030,969,primary,2019-10-25T18:46:21+00:00
1031,208,primary,2021-11-20T12:38:02+00:00
1032,1212,primary,2021-10-08T06:08:43+00:00
1033,1419,primary,2023-10-08T08:54:53+00:00
1034,1873,primary,2024-12-11T00:41:05+00:00
1035,265,primary,2024-01-04T11:46:54+00:00
1036,1260,primary,2022-01-25T19:54:12+00:00
1037,342,primary,2021-12-17T10:30:21+00:00
1038,1885,primary,2024-07-24T23:12:25+00:00
1039,1708,primary,2023-01-29T01:22:14+00:00
1040,1432,primary,2025-03-31T02:42:28+00:00
1040,220,co_borrower,2025-04-05T20:39:12+00:00
1041,991,primary,2023-12-29T10:37:03+00:00
1042,1299,primary,2020-05-05T06:06:55+00:00
1043,453,primary,2019-05-18T15:23:34+00:00
1044,507,primary,2023-01-29T16:35:07+00:00
1045,813,primary,2023-08-18T14:35:56+00:00
1046,1745,primary,2024-08-20T23:09:03+00:00
1047,608,primary,2020-03-16T07:57:22+00:00
1048,1283,primary,2021-06-24T08:04:18+00:00
1048,1387,co_borrower,2021-06-30T10:45:42+00:00
1049,984,primary,2023-03-10T11:34:29+00:00
1050,1143,primary,2019-06-13T12:39:14+00:00
1050,1337,guarantor,2019-07-02T11:44:26+00:00
1051,772,primary,2021-08-29T14:16:28+00:00
1052,1245,primary,2023-08-11T00:06:04+00:00
1052,1520,co_borrower,2023-08-25T17:17:47+00:00
1053,808,primary,2025-04-12T09:11:18+00:00
1053,1520,guarantor,2025-04-21T23:49:10+00:00
1054,1235,primary,2022-09-20T18:50:41+00:00
1054,266,guarantor,2022-09-25T20:17:31+00:00
1055,107,primary,2021-12-03T14:08:43+00:00
1055,540,co_borrower,2021-12-27T07:07:34+00:00
1056,41,primary,2024-05-22T12:31:41+00:00
1057,190,primary,2019-05-15T07:55:41+00:00
1058,1569,primary,2022-07-06T02:07:23+00:00
1059,2047,primary,2021-01-11T04:06:01+00:00
1060,2102,primary,2024-11-22T04:57:25+00:00
1061,1555,primary,2020-01-31T21:35:33+00:00
1062,535,primary,2024-09-29T05:20:19+00:00
1063,850,primary,2025-03-11T19:26:53+00:00
1063,101,guarantor,2025-03-11T20:31:35+00:00
1064,1984,primary,2024-03-09T07:19:22+00:00
1065,1174,primary,2023-06-26T12:19:09+00:00
1066,167,primary,2020-06-04T09:28:47+00:00
1066,510,co_borrower,2020-06-26T17:26:04+00:00
1066,135,guarantor,2020-06-11T09:56:49+00:00
1067,1272,primary,2023-08-08T03:53:27+00:00
1068,112,primary,2019-09-30T13:11:48+00:00
1069,1153,primary,2020-10-01T23:49:08+00:00
1070,1619,primary,2021-10-24T19:31:16+00:00
1071,1593,primary,2020-04-19T18:46:57+00:00
1072,730,primary,2024-02-17T04:29:51+00:00
1072,1369,co_borrower,2024-02-26T18:11:43+00:00
1073,1380,primary,2023-06-28T09:58:47+00:00
1074,541,primary,2019-11-12T01:49:57+00:00
1074,2120,co_borrower,2019-12-05T09:30:42+00:00
1075,1381,primary,2019-09-17T04:05:08+00:00
1076,918,primary,2024-09-26T12:56:30+00:00
1077,1690,primary,2024-03-15T07:11:18+00:00
1078,105,primary,2021-04-30T15:26:11+00:00
1079,414,primary,2020-11-25T10:55:53+00:00
1080,170,primary,2023-09-07T18:42:20+00:00
1081,150,primary,2019-01-02T16:02:50+00:00
1082,685,primary,2021-03-08T02:53:22+00:00
1083,2024,primary,2019-01-07T20:40:39+00:00
1084,1766,primary,2025-05-30T23:42:10+00:00
1085,1500,primary,2025-02-18T18:04:52+00:00
1086,1521,primary,2020-11-09T02:39:36+00:00
1086,831,co_borrower,2020-11-10T04:15:36+00:00
1087,1731,primary,2025-03-02T17:57:10+00:00
1087,2191,co_borrower,2025-03-23T08:08:03+00:00
1088,672,primary,2025-03-05T06:59:42+00:00
1089,2170,primary,2025-01-12T02:17:55+00:00
1089,2041,co_borrower,2025-02-09T23:34:07+00:00
1090,1079,primary,2023-10-17T17:42:50+00:00
1091,1095,primary,2024-05-30T03:56:50+00:00
1092,506,primary,2020-04-23T18:14:35+00:00
1093,770,primary,2019-08-24T11:07:55+00:00
1094,1408,primary,2023-12-14T16:24:28+00:00
1095,990,primary,2021-07-12T23:17:26+00:00
1096,1719,primary,2021-07-06T22:29:01+00:00
1097,1840,primary,2025-02-19T17:13:03+00:00
1098,1430,primary,2024-04-21T22:55:06+00:00
1099,1610,primary,2024-12-18T12:37:32+00:00
1100,970,primary,2022-07-16T08:05:31+00:00
1101,1431,primary,2020-09-09T14:06:48+00:00
1102,196,primary,2020-05-10T09:44:40+00:00
1102,1398,co_borrower,2020-05-28T15:18:43+00:00
1103,1008,primary,2022-06-29T08:27:49+00:00
1104,2128,primary,2024-04-30T00:11:27+00:00
1105,1077,primary,2020-10-17T09:45:02+00:00
1106,208,primary,2020-04-16T14:56:40+00:00
1107,751,primary,2021-09-03T17:52:43+00:00
1108,569,primary,2021-01-04T23:05:47+00:00
1108,724,guarantor,2021-01-24T12:50:45+00:00
1109,2073,primary,2021-07-28T21:52:03+00:00
1110,1176,primary,2019-08-16T07:08:38+00:00
1111,2077,primary,2019-01-29T16:07:14+00:00
1112,1921,primary,2022-08-17T12:05:24+00:00
1112,65,co_borrower,2022-08-17T22:42:26+00:00
1113,1080,primary,2021-06-09T14:12:20+00:00
1114,1168,primary,2021-03-28T01:46:31+00:00
1115,1442,primary,2021-05-01T04:12:30+00:00
1116,424,primary,2022-06-29T10:51:58+00:00
1117,2177,primary,2020-05-26T21:18:40+00:00
1118,1538,primary,2025-02-09T15:36:00+00:00
1119,2134,primary,2024-12-24T18:02:52+00:00
1120,2106,primary,2025-05-27T04:34:54+00:00
1121,323,primary,2021-05-11T23:31:39+00:00
1122,1741,primary,2022-08-29T10:06:23+00:00
1123,78,primary,2022-10-10T09:53:46+00:00
1124,756,primary,2019-06-23T03:59:43+00:00
1125,1636,primary,2022-01-15T09:07:23+00:00
1126,751,primary,2023-11-27T18:23:08+00:00
1127,2052,primary,2019-12-16T23:25:37+00:00
1128,476,primary,2019-10-23T13:42:48+00:00
1129,233,primary,2021-01-18T18:59:08+00:00
1130,269,primary,2021-08-02T16:25:21+00:00
1131,854,primary,2020-03-07T10:53:35+00:00
1132,224,primary,2022-09-20T16:09:35+00:00
1133,793,primary,2019-03-31T23:37:05+00:00
1134,195,primary,2021-07-02T17:55:48+00:00
1134,685,guarantor,2021-07-19T09:50:44+00:00
1135,1946,primary,2023-11-04T08:13:01+00:00
1136,1152,primary,2024-08-25T14:28:44+00:00
1137,1664,primary,2023-03-01T23:34:43+00:00
1137,1464,guarantor,2023-03-05T13:51:42+00:00
1138,376,primary,2024-02-16T09:39:39+00:00
1139,1799,primary,2024-02-17T06:24:27+00:00
1140,558,primary,2020-06-20T10:54:32+00:00
1141,308,primary,2020-07-23T14:25:55+00:00
1142,325,primary,2022-10-01T14:45:46+00:00
1143,2032,primary,2021-10-30T02:17:31+00:00
1144,2138,primary,2019-12-16T15:25:33+00:00
1145,2115,primary,2020-05-18T02:13:33+00:00
1146,336,primary,2021-02-09T16:35:54+00:00
1147,47,primary,2024-02-28T12:21:16+00:00
1148,101,primary,2020-07-18T05:46:40+00:00
1149,714,primary,2023-11-17T20:05:02+00:00
1150,396,primary,2021-08-11T19:46:52+00:00
1151,836,primary,2022-11-02T11:39:56+00:00
1152,1084,primary,2022-03-10T09:28:50+00:00
1152,131,co_borrower,2022-04-01T10:09:08+00:00
1153,1234,primary,2019-11-16T00:08:25+00:00
1154,1629,primary,2021-12-29T04:00:53+00:00
1155,1418,primary,2022-11-25T09:10:15+00:00
1156,772,primary,2025-02-28T19:09:08+00:00
1157,277,primary,2023-07-19T15:11:07+00:00
1158,1152,primary,2020-02-21T02:41:16+00:00
1159,966,primary,2020-05-13T10:14:52+00:00
1160,464,primary,2023-06-13T19:36:25+00:00
1161,45,primary,2021-06-27T19:15:07+00:00
1161,443,co_borrower,2021-07-17T05:52:06+00:00
1162,1269,primary,2019-10-15T04:07:24+00:00
1163,790,primary,2020-01-31T15:48:17+00:00
1164,1657,primary,2021-05-28T19:44:23+00:00
1165,1280,primary,2020-09-30T07:27:11+00:00
1165,277,guarantor,2020-10-07T22:46:36+00:00
1166,1967,primary,2020-02-06T09:32:28+00:00
1167,1735,primary,2020-01-17T21:37:09+00:00
1168,2111,primary,2024-11-04T21:47:00+00:00
1168,499,guarantor,2024-11-20T20:54:00+00:00
1169,1909,primary,2024-06-10T17:42:16+00:00
1170,1027,primary,2022-04-25T23:44:49+00:00
1171,379,primary,2023-08-19T15:07:07+00:00
1171,913,co_borrower,2023-08-27T19:42:54+00:00
1172,1652,primary,2024-01-06T05:49:15+00:00
1173,224,primary,2020-03-16T00:33:55+00:00
1174,1016,primary,2025-06-23T20:28:03+00:00
1175,374,primary,2022-05-12T14:38:39+00:00
1176,132,primary,2020-11-14T15:49:02+00:00
1177,768,primary,2024-05-28T10:11:11+00:00
1178,700,primary,2024-01-26T01:40:20+00:00
1179,376,primary,2025-04-22T15:12:29+00:00
1180,1571,primary,2020-07-19T20:14:26+00:00
1180,687,guarantor,2020-07-22T12:06:26+00:00
1181,1404,primary,2020-09-01T03:49:03+00:00
1182,56,primary,2024-12-26T13:54:43+00:00
1183,1090,primary,2020-04-29T18:06:17+00:00
1184,809,primary,2019-06-23T03:08:34+00:00
1184,331,co_borrower,2019-07-02T04:01:01+00:00
1185,1832,primary,2022-10-25T23:34:40+00:00
1186,1974,primary,2024-02-18T17:56:17+00:00
1187,2095,primary,2022-08-01T21:08:10+00:00
1188,1955,primary,2019-07-25T05:15:17+00:00
1189,2130,primary,2022-02-02T05:16:45+00:00
1190,2173,primary,2024-11-11T09:12:41+00:00
1191,906,primary,2024-02-06T09:32:53+00:00
1191,214,co_borrower,2024-02-06T19:32:52+00:00
1192,834,primary,2022-07-25T01:57:04+00:00
1193,1930,primary,2024-05-03T14:48:51+00:00
1193,2067,co_borrower,2024-05-28T13:42:14+00:00
1194,66,primary,2021-10-03T10:19:03+00:00
1194,616,guarantor,2021-10-08T17:49:21+00:00
1195,848,primary,2019-02-08T12:59:34+00:00
1195,1817,co_borrower,2019-02-16T01:23:53+00:00
1196,34,primary,2021-07-21T03:58:26+00:00
1197,1486,primary,2024-03-27T00:37:32+00:00
1198,1187,primary,2021-09-08T20:41:12+00:00
1199,1229,primary,2021-03-16T07:20:14+00:00
1200,385,primary,2025-04-24T00:31:34+00:00
1201,995,primary,2022-02-02T22:36:47+00:00
1202,394,primary,2021-02-08T20:57:33+00:00
1203,451,primary,2025-02-27T20:07:14+00:00
1204,901,primary,2021-05-25T22:33:36+00:00
1205,1978,primary,2025-01-01T16:34:38+00:00
1206,281,primary,2025-05-28T07:15:17+00:00
1206,1560,co_borrower,2025-06-18T00:48:31+00:00
1207,965,primary,2022-03-24T13:39:05+00:00
1208,1925,primary,2022-01-20T19:38:01+00:00
1209,318,primary,2023-12-31T01:43:50+00:00
1209,50,co_borrower,2024-01-13T06:55:12+00:00
1210,68,primary,2023-05-26T05:08:24+00:00
1211,1310,primary,2022-02-25T22:09:40+00:00
1212,1854,primary,2025-04-30T04:15:50+00:00
1212,126,co_borrower,2025-05-22T15:26:36+00:00
1213,76,primary,2019-05-12T10:02:04+00:00
1214,518,primary,2023-08-23T06:26:04+00:00
1215,740,primary,2022-11-15T07:51:40+00:00
1215,189,guarantor,2022-11-25T15:15:31+00:00
1216,2176,primary,2024-11-28T20:14:54+00:00
1217,1338,primary,2024-03-08T21:48:41+00:00
1218,899,primary,2021-04-13T22:19:13+00:00
1218,906,co_borrower,2021-04-20T15:58:48+00:00
1219,796,primary,2020-01-13T18:08:55+00:00
1220,1975,primary,2020-05-21T22:37:30+00:00
1221,233,primary,2025-04-15T14:05:03+00:00
1222,183,primary,2024-06-01T01:51:50+00:00
1223,898,primary,2020-12-13T15:06:10+00:00
1224,1896,primary,2019-12-26T06:32:45+00:00
1225,516,primary,2021-05-28T02:32:14+00:00
1225,1074,co_borrower,2021-06-08T10:25:14+00:00
1226,1751,primary,2019-04-24T23:41:45+00:00
1227,1167,primary,2020-12-22T12:55:45+00:00
1227,977,co_borrower,2020-12-27T10:19:37+00:00
1228,1669,primary,2022-11-07T22:32:48+00:00
1229,954,primary,2024-10-07T14:36:02+00:00
1230,1881,primary,2024-01-20T15:35:55+00:00
1231,988,primary,2023-04-13T10:43:22+00:00
1231,865,guarantor,2023-05-01T21:53:29+00:00
1232,1740,primary,2025-03-04T16:41:06+00:00
1233,30,primary,2019-07-28T06:56:17+00:00
1234,1594,primary,2019-03-01T04:56:22+00:00
1235,334,primary,2024-07-08T09:59:47+00:00
1235,175,guarantor,2024-07-23T05:10:13+00:00
1236,398,primary,2025-05-09T20:23:40+00:00
1236,887,co_borrower,2025-05-20T03:11:23+00:00
1236,1455,guarantor,2025-05-21T00:51:46+00:00
1237,683,primary,2019-10-10T07:36:25+00:00
1238,574,primary,2021-01-05T04:33:49+00:00
1239,653,primary,2021-02-04T15:00:57+00:00
1240,1014,primary,2022-06-28T23:26:29+00:00
1241,1253,primary,2022-08-03T16:26:46+00:00
1242,1847,primary,2021-05-11T11:14:08+00:00
1242,653,co_borrower,2021-06-08T08:22:26+00:00
1243,218,primary,2022-04-08T04:19:29+00:00
1244,473,primary,2024-06-04T23:03:57+00:00
1245,1966,primary,2021-07-28T10:28:45+00:00
1246,959,primary,2020-11-30T13:59:30+00:00
1247,741,primary,2021-09-22T01:18:24+00:00
1248,478,primary,2020-11-15T08:28:48+00:00
1249,216,primary,2021-05-26T15:02:08+00:00
1250,1594,primary,2022-06-19T16:49:58+00:00
1250,1741,co_borrower,2022-07-16T07:02:05+00:00
1251,56,primary,2025-06-09T03:39:30+00:00
1252,915,primary,2022-11-27T21:58:43+00:00
1253,2011,primary,2020-05-15T22:53:50+00:00
1254,2162,primary,2021-06-29T02:04:23+00:00
1254,2159,co_borrower,2021-06-30T04:06:33+00:00
1255,1233,primary,2024-11-07T10:18:10+00:00
1255,308,guarantor,2024-11-09T00:56:35+00:00
1256,1552,primary,2023-08-11T19:12:04+00:00
1257,1784,primary,2021-07-31T22:59:24+00:00
1258,1894,primary,2019-01-29T03:21:59+00:00
1259,609,primary,2019-06-26T03:33:21+00:00
1259,1644,co_borrower,2019-07-06T12:44:56+00:00
1259,1275,guarantor,2019-07-10T23:59:15+00:00
1260,1600,primary,2020-12-19T02:11:01+00:00
1261,162,primary,2021-06-08T08:49:36+00:00
1261,1520,guarantor,2021-06-28T16:37:25+00:00
1262,346,primary,2022-03-02T03:27:48+00:00
1262,814,guarantor,2022-03-02T03:23:24+00:00
1263,1005,primary,2020-05-21T21:46:40+00:00
1264,15,primary,2022-05-19T22:40:17+00:00
1265,758,primary,2021-08-05T13:22:04+00:00
1266,1228,primary,2020-11-27T08:09:20+00:00
1267,1497,primary,2025-06-04T20:58:21+00:00
1268,131,primary,2020-02-24T18:42:52+00:00
1269,901,primary,2024-11-30T08:17:40+00:00
1270,2104,primary,2019-10-10T07:16:15+00:00
1271,344,primary,2019-06-23T10:34:55+00:00
1272,900,primary,2023-05-30T03:01:25+00:00
1273,125,primary,2023-02-20T17:20:12+00:00
1274,1102,primary,2019-06-18T17:57:53+00:00
1275,1720,primary,2022-01-23T17:52:08+00:00
1276,39,primary,2025-04-03T13:24:45+00:00
1277,757,primary,2019-09-07T05:19:10+00:00
1278,1862,primary,2021-03-27T18:23:46+00:00
1279,1977,primary,2021-08-11T23:35:37+00:00
1280,500,primary,2019-08-29T00:18:54+00:00
1281,11,primary,2020-11-28T12:21:41+00:00
1281,300,co_borrower,2020-12-12T22:51:47+00:00
1282,910,primary,2024-03-25T10:36:08+00:00
1283,370,primary,2023-11-12T12:00:46+00:00
1284,1437,primary,2022-05-30T11:44:04+00:00
1285,75,primary,2025-04-19T05:17:55+00:00
1286,1439,primary,2023-01-07T22:13:57+00:00
1287,877,primary,2020-02-04T08:25:42+00:00
1288,1913,primary,2020-03-24T14:24:39+00:00
1288,2076,co_borrower,2020-03-30T06:42:28+00:00
1289,1329,primary,2023-04-13T18:13:54+00:00
1290,1964,primary,2024-04-11T14:11:28+00:00
1291,1686,primary,2023-12-22T20:41:39+00:00
1292,666,primary,2019-11-08T22:03:50+00:00
1293,765,primary,2022-10-24T09:25:58+00:00
1294,1370,primary,2024-06-13T10:36:32+00:00
1295,1671,primary,2022-02-20T18:00:55+00:00
1296,750,primary,2024-05-11T10:01:21+00:00
1297,1197,primary,2024-05-29T05:47:22+00:00
1298,184,primary,2020-09-05T10:23:28+00:00
1299,388,primary,2022-10-09T14:01:41+00:00
1300,2038,primary,2022-12-31T09:10:33+00:00
1301,43,primary,2024-02-05T09:23:42+00:00
1302,1011,primary,2024-07-07T11:48:30+00:00
1302,1491,guarantor,2024-07-07T20:26:33+00:00
1303,496,primary,2021-12-18T17:16:24+00:00
1304,1791,primary,2024-04-29T15:05:29+00:00
1304,2091,co_borrower,2024-05-26T07:20:34+00:00
1305,1321,primary,2022-06-23T19:22:55+00:00
1306,451,primary,2024-12-14T21:06:20+00:00
1307,784,primary,2023-10-21T13:26:30+00:00
1307,1720,co_borrower,2023-11-14T14:24:06+00:00
1308,603,primary,2024-10-28T20:24:49+00:00
1309,884,primary,2022-07-01T04:51:55+00:00
1310,1930,primary,2019-11-21T14:25:40+00:00
1311,1146,primary,2021-05-27T18:24:48+00:00
1312,1978,primary,2021-01-15T02:07:39+00:00
1313,588,primary,2021-08-04T13:02:11+00:00
1313,380,guarantor,2021-08-14T20:32:26+00:00
1314,725,primary,2024-07-07T08:05:05+00:00
1315,848,primary,2019-08-05T06:58:56+00:00
1316,1619,primary,2023-01-16T19:39:26+00:00
1317,563,primary,2021-05-25T10:38:00+00:00
1318,13,primary,2021-01-13T15:07:39+00:00
1319,939,primary,2021-10-14T23:25:43+00:00
1320,1185,primary,2024-02-18T22:12:47+00:00
1321,870,primary,2025-06-13T05:14:30+00:00
1322,978,primary,2021-01-04T14:32:13+00:00
1323,1529,primary,2023-01-09T14:44:01+00:00
1323,1676,guarantor,2023-01-17T12:35:41+00:00
1324,403,primary,2022-07-11T06:26:32+00:00
1325,65,primary,2024-11-23T19:33:17+00:00
1326,1298,primary,2022-02-10T03:56:33+00:00
1327,1962,primary,2020-02-29T21:05:13+00:00
1328,1306,primary,2022-05-12T00:16:50+00:00
1329,1615,primary,2019-02-26T00:18:12+00:00
1330,852,primary,2022-01-09T04:33:32+00:00
1331,949,primary,2021-02-05T01:14:12+00:00
1332,1492,primary,2023-01-04T04:29:03+00:00
1332,2168,guarantor,2023-01-20T09:26:56+00:00
1333,603,primary,2023-02-24T23:53:07+00:00
1334,1296,primary,2021-03-08T01:19:16+00:00
1335,350,primary,2020-05-26T17:29:29+00:00
1336,1447,primary,2020-09-19T10:44:42+00:00
1337,1614,primary,2022-11-06T06:49:31+00:00
1338,1180,primary,2021-01-05T23:39:35+00:00
1339,129,primary,2020-12-11T17:28:45+00:00
1340,1177,primary,2023-10-04T23:29:10+00:00
1341,361,primary,2020-07-09T10:59:19+00:00
1341,1051,co_borrower,2020-07-19T19:42:08+00:00
1342,1169,primary,2025-03-14T09:29:40+00:00
1343,1279,primary,2024-05-18T20:56:39+00:00
1344,694,primary,2021-08-21T16:24:03+00:00
1345,873,primary,2022-08-30T11:22:53+00:00
1346,985,primary,2023-03-01T21:06:43+00:00
1347,513,primary,2024-10-17T05:55:26+00:00
1347,905,guarantor,2024-10-24T14:52:51+00:00
1348,106,primary,2024-10-04T18:17:47+00:00
1349,237,primary,2021-10-22T19:13:05+00:00
1350,575,primary,2020-11-21T04:42:52+00:00
1351,1014,primary,2024-07-13T15:10:06+00:00
1352,976,primary,2023-08-05T11:52:58+00:00
1353,1297,primary,2024-10-26T16:32:55+00:00
1354,2138,primary,2024-08-13T03:03:58+00:00
1355,1229,primary,2020-11-24T05:51:46+00:00
1356,801,primary,2023-09-18T08:47:54+00:00
1356,1156,guarantor,2023-10-03T02:51:17+00:00
1357,601,primary,2021-06-08T17:33:33+00:00
1357,664,co_borrower,2021-06-11T05:58:48+00:00
1358,1811,primary,2021-01-19T07:31:47+00:00
1359,1402,primary,2023-08-20T07:08:56+00:00
1360,852,primary,2020-02-09T14:25:46+00:00
1361,1393,primary,2025-05-26T17:35:10+00:00
1362,709,primary,2022-04-05T06:55:12+00:00
1363,920,primary,2023-05-21T03:54:33+00:00
1364,1584,primary,2023-12-16T22:34:02+00:00
1365,1414,primary,2021-06-26T23:08:17+00:00
1366,1677,primary,2022-06-16T12:40:42+00:00
1367,436,primary,2024-04-06T03:29:21+00:00
1368,678,primary,2021-12-23T20:33:45+00:00
1369,1667,primary,2021-02-13T12:15:37+00:00
1370,1195,primary,2019-11-18T05:59:27+00:00
1370,1888,co_borrower,2019-11-24T11:55:19+00:00
1371,799,primary,2019-12-30T02:06:44+00:00
1372,1543,primary,2020-01-01T22:37:24+00:00
1373,603,primary,2021-09-23T20:34:12+00:00
1373,384,co_borrower,2021-10-15T20:17:27+00:00
1374,958,primary,2025-04-02T12:06:13+00:00
1375,888,primary,2020-09-10T00:21:14+00:00
1376,884,primary,2019-12-06T16:26:53+00:00
1377,1264,primary,2019-04-24T01:13:08+00:00
1378,502,primary,2025-06-26T23:02:48+00:00
1378,292,co_borrower,2025-07-19T07:06:55+00:00
1379,931,primary,2023-10-29T13:32:55+00:00
1380,1345,primary,2020-01-21T19:47:07+00:00
1380,853,guarantor,2020-02-01T23:08:09+00:00
1381,1276,primary,2024-02-03T22:33:10+00:00
1382,203,primary,2024-02-19T09:23:04+00:00
1383,72,primary,2022-12-28T12:37:27+00:00
1384,440,primary,2023-12-06T14:30:29+00:00
1385,1504,primary,2025-03-16T16:31:08+00:00
1385,1134,co_borrower,2025-04-11T12:53:41+00:00
1386,684,primary,2020-01-16T08:40:33+00:00
1387,2129,primary,2025-06-03T21:27:03+00:00
1388,275,primary,2022-04-01T00:59:31+00:00
1389,432,primary,2023-11-24T14:11:23+00:00
1390,1396,primary,2020-07-15T13:27:40+00:00
1391,1237,primary,2023-09-09T03:44:22+00:00
1392,2052,primary,2025-06-20T06:54:15+00:00
1393,97,primary,2020-03-14T00:27:27+00:00
1394,1671,primary,2024-07-05T19:15:49+00:00
1394,1162,co_borrower,2024-07-31T05:32:42+00:00
1394,604,guarantor,2024-07-10T14:08:26+00:00
1395,558,primary,2022-09-25T03:30:53+00:00
1395,1995,guarantor,2022-10-06T04:41:52+00:00
1396,968,primary,2023-04-16T01:13:57+00:00
1396,1375,guarantor,2023-05-03T20:34:01+00:00
1397,1746,primary,2023-03-17T19:09:17+00:00
1398,616,primary,2024-05-24T20:51:24+00:00
1398,751,co_borrower,2024-06-06T17:27:16+00:00
1399,1842,primary,2022-09-23T04:02:33+00:00
1400,1782,primary,2021-05-12T07:58:21+00:00
1401,1857,primary,2022-10-31T12:35:52+00:00
1402,27,primary,2019-10-15T06:29:28+00:00
1403,1827,primary,2024-06-06T17:36:07+00:00
1403,72,guarantor,2024-06-07T04:03:14+00:00
1404,1116,primary,2021-07-08T21:27:04+00:00
1405,1605,primary,2022-05-07T09:59:09+00:00
1405,2131,guarantor,2022-05-19T05:32:41+00:00
1406,225,primary,2024-03-07T00:21:02+00:00
1407,392,primary,2021-06-05T08:53:03+00:00
1408,313,primary,2024-11-07T20:27:21+00:00
1409,376,primary,2022-10-08T14:35:14+00:00
1410,1008,primary,2020-03-13T21:59:12+00:00
1410,542,co_borrower,2020-03-14T01:46:25+00:00
1411,2145,primary,2022-08-03T12:15:49+00:00
1412,2065,primary,2019-09-04T18:53:10+00:00
1413,940,primary,2025-06-28T06:29:40+00:00
1414,695,primary,2019-07-24T23:40:35+00:00
1415,878,primary,2023-04-09T08:09:53+00:00
1415,448,co_borrower,2023-05-07T05:51:23+00:00
1416,1785,primary,2021-05-09T03:19:03+00:00
1417,1854,primary,2019-01-05T05:08:25+00:00
1418,1861,primary,2025-05-01T02:21:34+00:00
1419,29,primary,2022-08-10T14:13:23+00:00
1420,1867,primary,2023-09-26T20:56:39+00:00
1421,2049,primary,2021-09-18T15:35:18+00:00
1421,608,co_borrower,2021-09-24T07:06:48+00:00
1422,1180,primary,2020-12-21T09:59:22+00:00
1422,2193,co_borrower,2021-01-02T21:18:00+00:00
1423,1736,primary,2022-07-12T05:01:30+00:00
1424,1936,primary,2021-11-30T13:37:11+00:00
1425,237,primary,2019-09-25T18:15:22+00:00
1426,167,primary,2022-02-26T21:54:13+00:00
1426,772,co_borrower,2022-03-08T09:13:45+00:00
1427,1489,primary,2023-06-09T02:03:01+00:00
1428,834,primary,2022-05-21T18:36:41+00:00
1429,662,primary,2021-08-30T09:54:32+00:00
1429,1358,co_borrower,2021-09-16T04:30:51+00:00
1430,485,primary,2022-06-23T23:09:39+00:00
1431,66,primary,2021-11-06T18:34:54+00:00
1432,116,primary,2025-02-02T08:55:34+00:00
1433,903,primary,2020-02-19T23:50:37+00:00
1433,2115,co_borrower,2020-02-19T14:32:48+00:00
1433,1889,guarantor,2020-03-09T07:23:05+00:00
1434,2038,primary,2021-05-11T11:01:28+00:00
1435,548,primary,2019-07-12T14:17:26+00:00
1436,1347,primary,2022-08-29T10:45:08+00:00
1437,705,primary,2023-03-14T02:54:25+00:00
1438,1234,primary,2025-06-05T07:30:39+00:00
1439,1541,primary,2023-04-07T06:44:20+00:00
1439,1719,co_borrower,2023-04-08T04:44:37+00:00
1440,389,primary,2023-07-19T16:09:48+00:00
1441,116,primary,2022-08-13T04:47:29+00:00
1442,524,primary,2019-01-08T23:59:15+00:00
1443,1461,primary,2024-09-25T22:39:01+00:00
1444,1897,primary,2019-04-14T06:55:09+00:00
1445,1294,primary,2023-02-19T05:49:26+00:00
1446,1962,primary,2019-01-24T08:30:41+00:00
1446,1201,co_borrower,2019-02-08T05:17:38+00:00
1447,444,primary,2021-08-19T04:06:23+00:00
1448,2183,primary,2023-10-07T18:21:42+00:00
1449,1581,primary,2024-10-10T07:20:00+00:00
1450,1327,primary,2023-02-11T11:06:03+00:00
1451,1883,primary,2020-07-22T14:36:32+00:00
1451,1007,guarantor,2020-07-27T18:54:06+00:00
1452,2194,primary,2020-12-23T23:12:55+00:00
1452,1363,co_borrower,2021-01-05T21:52:04+00:00
1453,656,primary,2024-10-28T07:38:54+00:00
1454,2031,primary,2019-11-11T09:29:42+00:00
1455,686,primary,2022-05-20T08:35:01+00:00
1456,1093,primary,2020-03-14T07:36:22+00:00
1456,1324,co_borrower,2020-04-05T23:05:48+00:00
1457,439,primary,2022-01-09T05:34:15+00:00
1458,1410,primary,2023-01-29T14:19:59+00:00
1459,1067,primary,2025-05-04T15:41:29+00:00
1460,1350,primary,2024-07-26T14:26:46+00:00
1460,1859,co_borrower,2024-08-14T02:59:37+00:00
1461,781,primary,2022-12-12T09:05:42+00:00
1462,1642,primary,2024-11-30T20:56:42+00:00
1463,414,primary,2020-12-19T22:21:46+00:00
1463,16,co_borrower,2021-01-04T02:57:37+00:00
1464,1311,primary,2021-08-05T21:18:04+00:00
1464,540,guarantor,2021-08-08T05:41:50+00:00
1465,771,primary,2024-02-04T18:06:06+00:00
1466,2079,primary,2021-10-13T23:59:28+00:00
1466,240,co_borrower,2021-11-02T23:04:10+00:00
1466,1596,guarantor,2021-10-13T10:34:07+00:00
1467,2007,primary,2023-08-18T09:17:32+00:00
1468,752,primary,2019-08-19T05:44:11+00:00
1469,1190,primary,2025-04-24T17:41:04+00:00
1469,31,co_borrower,2025-05-10T20:53:45+00:00
1470,1146,primary,2024-04-04T16:50:55+00:00
1471,2151,primary,2022-04-10T07:02:30+00:00
1472,1880,primary,2019-11-28T18:31:20+00:00
1473,412,primary,2023-12-30T18:22:32+00:00
1474,56,primary,2020-09-25T09:53:59+00:00
1475,210,primary,2021-10-20T12:53:04+00:00
1476,106,primary,2024-10-03T05:28:31+00:00
1477,948,primary,2025-06-30T12:13:59+00:00
1478,2145,primary,2022-06-26T16:42:59+00:00
1479,117,primary,2025-03-28T22:45:01+00:00
1479,1011,guarantor,2025-03-29T16:23:05+00:00
1480,1939,primary,2023-10-13T18:44:07+00:00
1481,319,primary,2019-01-01T19:10:48+00:00
1482,679,primary,2021-02-19T23:45:26+00:00
1483,358,primary,2025-03-09T22:41:54+00:00
1484,424,primary,2019-07-13T17:49:27+00:00
1485,1201,primary,2022-07-24T01:19:10+00:00
1486,1877,primary,2025-03-11T23:27:55+00:00
1487,1267,primary,2023-11-18T16:32:17+00:00
1488,1183,primary,2022-09-13T05:23:21+00:00
1489,2102,primary,2020-11-19T01:47:04+00:00
1490,127,primary,2023-08-13T12:00:32+00:00
1491,543,primary,2020-01-22T22:20:27+00:00
1492,1333,primary,2019-07-29T02:17:00+00:00
1493,445,primary,2022-01-26T19:45:20+00:00
1494,20,primary,2024-01-29T14:40:38+00:00
1495,256,primary,2022-01-15T05:48:15+00:00
1496,1815,primary,2020-02-21T14:59:18+00:00
1497,234,primary,2023-10-26T13:17:05+00:00
1498,1881,primary,2023-05-01T11:18:38+00:00
1499,1885,primary,2019-05-24T12:09:57+00:00
1500,1963,primary,2021-10-11T04:15:22+00:00
